player_id,player_name,player_link
abdulma02,Mahmoud Abdul-Rauf,/players/a/abdulma02.html
abdulta01,Tariq Abdul-Wahad,/players/a/abdulta01.html
abdursh01,Shareef Abdur-Rahim,/players/a/abdursh01.html
abrinal01,Alex Abrines,/players/a/abrinal01.html
ackeral01,Alex Acker,/players/a/ackeral01.html
acyqu01,Quincy Acy,/players/a/acyqu01.html
adamsha01,Hassan Adams,/players/a/adamsha01.html
adamsjo01,Jordan Adams,/players/a/adamsjo01.html
adamsst01,Steven Adams,/players/a/adamsst01.html
adebaba01,Bam Adebayo,/players/a/adebaba01.html
adrieje01,Jeff Adrien,/players/a/adrieje01.html
afflaar01,Arron Afflalo,/players/a/afflaar01.html
agerma01,Maurice Ager,/players/a/agerma01.html
ahearbl01,Blake Ahearn,/players/a/ahearbl01.html
ajincal01,Alexis Ajinca,/players/a/ajincal01.html
akognjo01,Josh Akognon,/players/a/akognjo01.html
alabiso01,Solomon Alabi,/players/a/alabiso01.html
aldemfu01,Furkan Aldemir,/players/a/aldemfu01.html
aldrico01,Cole Aldrich,/players/a/aldrico01.html
aldrila01,LaMarcus Aldridge,/players/a/aldrila01.html
alexacl01,Cliff Alexander,/players/a/alexacl01.html
alexaco01,Cory Alexander,/players/a/alexaco01.html
alexaco02,Courtney Alexander,/players/a/alexaco02.html
alexajo01,Joe Alexander,/players/a/alexajo01.html
alexavi01,Victor Alexander,/players/a/alexavi01.html
allenja01,Jarrett Allen,/players/a/allenja01.html
allenka01,Kadeem Allen,/players/a/allenka01.html
allenla01,Lavoy Allen,/players/a/allenla01.html
allenma01,Malik Allen,/players/a/allenma01.html
allenra02,Ray Allen,/players/a/allenra02.html
allento01,Tony Allen,/players/a/allento01.html
allrela01,Lance Allred,/players/a/allrela01.html
almonmo01,Morris Almond,/players/a/almonmo01.html
alstora01,Rafer Alston,/players/a/alstora01.html
amaecjo01,John Amaechi,/players/a/amaecjo01.html
aminual01,Al-Farouq Aminu,/players/a/aminual01.html
amundlo01,Lou Amundson,/players/a/amundlo01.html
anderch01,Chris Andersen,/players/a/anderch01.html
anderda03,David Andersen,/players/a/anderda03.html
anderal01,Alan Anderson,/players/a/anderal01.html
anderan02,Antonio Anderson,/players/a/anderan02.html
anderde01,Derek Anderson,/players/a/anderde01.html
anderja01,James Anderson,/players/a/anderja01.html
anderju01,Justin Anderson,/players/a/anderju01.html
anderke01,Kenny Anderson,/players/a/anderke01.html
anderky01,Kyle Anderson,/players/a/anderky01.html
anderni01,Nick Anderson,/players/a/anderni01.html
anderry01,Ryan Anderson,/players/a/anderry01.html
andersh01,Shandon Anderson,/players/a/andersh01.html
andrima01,Martynas Andriuskevicius,/players/a/andrima01.html
anigbik01,Ike Anigbogu,/players/a/anigbik01.html
antetgi01,Giannis Antetokounmpo,/players/a/antetgi01.html
antetth01,Thanasis Antetokounmpo,/players/a/antetth01.html
anthoca01,Carmelo Anthony,/players/a/anthoca01.html
anthogr01,Greg Anthony,/players/a/anthogr01.html
anthojo01,Joel Anthony,/players/a/anthojo01.html
anticpe01,Pero Antic,/players/a/anticpe01.html
anunoog01,OG Anunoby,/players/a/anunoog01.html
applike01,Keith Appling,/players/a/applike01.html
araujra01,Rafael Araujo,/players/a/araujra01.html
archiro01,Robert Archibald,/players/a/archiro01.html
arcidry01,Ryan Arcidiacono,/players/a/arcidry01.html
arenagi01,Gilbert Arenas,/players/a/arenagi01.html
arizatr01,Trevor Ariza,/players/a/arizatr01.html
armstbr01,Brandon Armstrong,/players/a/armstbr01.html
armstda01,Darrell Armstrong,/players/a/armstda01.html
armsthi01,Hilton Armstrong,/players/a/armsthi01.html
arroyca01,Carlos Arroyo,/players/a/arroyca01.html
arthuda01,Darrell Arthur,/players/a/arthuda01.html
artisja01,Jamel Artis,/players/a/artisja01.html
asikom01,Omer Asik,/players/a/asikom01.html
atkinch01,Chucky Atkins,/players/a/atkinch01.html
augmost01,Stacey Augmon,/players/a/augmost01.html
augusdj01,D.J. Augustin,/players/a/augusdj01.html
augusja01,James Augustine,/players/a/augusja01.html
austiis01,Isaac Austin,/players/a/austiis01.html
averywi01,William Avery,/players/a/averywi01.html
ayongu01,Gustavo Ayon,/players/a/ayongu01.html
pendeje02,Jeff Ayres,/players/p/pendeje02.html
azubuke01,Kelenna Azubuike,/players/a/azubuke01.html
babbch01,Chris Babb,/players/b/babbch01.html
babbilu01,Luke Babbitt,/players/b/babbilu01.html
bacondw01,Dwayne Bacon,/players/b/bacondw01.html
bagarda01,Dalibor Bagaric,/players/b/bagarda01.html
bairsca01,Cameron Bairstow,/players/b/bairsca01.html
bakerma01,Maurice Baker,/players/b/bakerma01.html
bakerro01,Ron Baker,/players/b/bakerro01.html
bakervi01,Vin Baker,/players/b/bakervi01.html
baldwwa01,Wade Baldwin,/players/b/baldwwa01.html
balkmre01,Renaldo Balkman,/players/b/balkmre01.html
balllo01,Lonzo Ball,/players/b/balllo01.html
banksma01,Marcus Banks,/players/b/banksma01.html
barbole01,Leandro Barbosa,/players/b/barbole01.html
bareajo01,J.J. Barea,/players/b/bareajo01.html
bargnan01,Andrea Bargnani,/players/b/bargnan01.html
barkler01,Erick Barkley,/players/b/barkler01.html
barneha02,Harrison Barnes,/players/b/barneha02.html
barnema02,Matt Barnes,/players/b/barnema02.html
barrean01,Andre Barrett,/players/b/barrean01.html
barroea01,Earl Barron,/players/b/barroea01.html
barroda01,Dana Barros,/players/b/barroda01.html
barrybr01,Brent Barry,/players/b/barrybr01.html
barryjo01,Jon Barry,/players/b/barryjo01.html
bartowi01,Will Barton,/players/b/bartowi01.html
basdeed01,Eddie Basden,/players/b/basdeed01.html
bassbr01,Brandon Bass,/players/b/bassbr01.html
bastoma01,Maceo Baston,/players/b/bastoma01.html
bateeme01,Mengke Bateer,/players/b/bateeme01.html
batises01,Esteban Batista,/players/b/batises01.html
batismi01,Mike Batiste,/players/b/batismi01.html
battito01,Tony Battie,/players/b/battito01.html
battish01,Shane Battier,/players/b/battish01.html
batumni01,Nicolas Batum,/players/b/batumni01.html
baxtelo01,Lonny Baxter,/players/b/baxtelo01.html
bayleje01,Jerryd Bayless,/players/b/bayleje01.html
baynear01,Aron Baynes,/players/b/baynear01.html
bazemke01,Kent Bazemore,/players/b/bazemke01.html
bealbr01,Bradley Beal,/players/b/bealbr01.html
beaslje01,Jerome Beasley,/players/b/beaslje01.html
beaslma01,Malik Beasley,/players/b/beaslma01.html
beaslmi01,Michael Beasley,/players/b/beaslmi01.html
beaubro01,Rodrigue Beaubois,/players/b/beaubro01.html
belinma01,Marco Belinelli,/players/b/belinma01.html
bellch01,Charlie Bell,/players/b/bellch01.html
belljo01,Jordan Bell,/players/b/belljo01.html
bellra01,Raja Bell,/players/b/bellra01.html
belltr01,Troy Bell,/players/b/belltr01.html
bembrde01,DeAndre' Bembry,/players/b/bembrde01.html
bendedr01,Dragan Bender,/players/b/bendedr01.html
bendejo01,Jonathan Bender,/players/b/bendejo01.html
benimje01,Jerrelle Benimon,/players/b/benimje01.html
benjaco01,Corey Benjamin,/players/b/benjaco01.html
bennean01,Anthony Bennett,/players/b/bennean01.html
benoida01,David Benoit,/players/b/benoida01.html
bensoke02,Keith Benson,/players/b/bensoke02.html
bentibe01,Ben Bentil,/players/b/bentibe01.html
bertada01,Davis Bertans,/players/b/bertada01.html
besttr01,Travis Best,/players/b/besttr01.html
beverpa01,Patrick Beverley,/players/b/beverpa01.html
bhullsi01,Sim Bhullar,/players/b/bhullsi01.html
bibbymi01,Mike Bibby,/players/b/bibbymi01.html
biedran01,Andris Biedrins,/players/b/biedran01.html
billuch01,Chauncey Billups,/players/b/billuch01.html
birchkh01,Khem Birch,/players/b/birchkh01.html
birdja01,Jabari Bird,/players/b/birdja01.html
biyombi01,Bismack Biyombo,/players/b/biyombi01.html
bjeline01,Nemanja Bjelica,/players/b/bjeline01.html
blackta01,Tarik Black,/players/b/blackta01.html
blairde01,DeJuan Blair,/players/b/blairde01.html
blakest01,Steve Blake,/players/b/blakest01.html
blakean01,Antonio Blakeney,/players/b/blakean01.html
blalowi01,Will Blalock,/players/b/blalowi01.html
blatcan01,Andray Blatche,/players/b/blatcan01.html
blaylmo01,Mookie Blaylock,/players/b/blaylmo01.html
bledser01,Eric Bledsoe,/players/b/bledser01.html
blounco01,Corie Blount,/players/b/blounco01.html
blounma01,Mark Blount,/players/b/blounma01.html
blueva01,Vander Blue,/players/b/blueva01.html
bobbito01,Tony Bobbitt,/players/b/bobbito01.html
boganke01,Keith Bogans,/players/b/boganke01.html
bogdabo01,Bogdan Bogdanovic,/players/b/bogdabo01.html
bogdabo02,Bojan Bogdanovic,/players/b/bogdabo02.html
boguemu01,Muggsy Bogues,/players/b/boguemu01.html
bogutan01,Andrew Bogut,/players/b/bogutan01.html
bohanet01,Etdrick Bohannon,/players/b/bohanet01.html
bolomjo01,Joel Bolomboy,/players/b/bolomjo01.html
bonnema01,Matt Bonner,/players/b/bonnema01.html
bookede01,Devin Booker,/players/b/bookede01.html
booketr01,Trevor Booker,/players/b/booketr01.html
boonejo01,Josh Boone,/players/b/boonejo01.html
boothca01,Calvin Booth,/players/b/boothca01.html
boozeca01,Carlos Boozer,/players/b/boozeca01.html
borchcu01,Curtis Borchardt,/players/b/borchcu01.html
boshch01,Chris Bosh,/players/b/boshch01.html
bouchch01,Chris Boucher,/players/b/bouchch01.html
boumtru01,Ruben Boumtje-Boumtje,/players/b/boumtru01.html
bowdlca01,Cal Bowdler,/players/b/bowdlca01.html
bowenbr01,Bruce Bowen,/players/b/bowenbr01.html
bowenry01,Ryan Bowen,/players/b/bowenry01.html
bowmair01,Ira Bowman,/players/b/bowmair01.html
boykiea01,Earl Boykins,/players/b/boykiea01.html
bozemce01,Cedric Bozeman,/players/b/bozemce01.html
brackcr01,Craig Brackins,/players/b/brackcr01.html
bradlav01,Avery Bradley,/players/b/bradlav01.html
bradlmi01,Michael Bradley,/players/b/bradlmi01.html
bradlsh01,Shawn Bradley,/players/b/bradlsh01.html
bradlto01,Tony Bradley,/players/b/bradlto01.html
braggto01,Torraye Braggs,/players/b/braggto01.html
brandel01,Elton Brand,/players/b/brandel01.html
brandte01,Terrell Brandon,/players/b/brandte01.html
bremejr01,J.R. Bremer,/players/b/bremejr01.html
breweco01,Corey Brewer,/players/b/breweco01.html
breweja01,Jamison Brewer,/players/b/breweja01.html
brewero02,Ronnie Brewer,/players/b/brewero02.html
brezepr01,Primoz Brezec,/players/b/brezepr01.html
brockjo01,Jon Brockman,/players/b/brockjo01.html
brogdma01,Malcolm Brogdon,/players/b/brogdma01.html
brookaa01,Aaron Brooks,/players/b/brookaa01.html
brookdi01,Dillon Brooks,/players/b/brookdi01.html
brookma01,MarShon Brooks,/players/b/brookma01.html
brownan01,Andre Brown,/players/b/brownan01.html
brownan02,Anthony Brown,/players/b/brownan02.html
brownbo02,Bobby Brown,/players/b/brownbo02.html
brownch01,Chucky Brown,/players/b/brownch01.html
brownda02,Damone Brown,/players/b/brownda02.html
brownde01,Dee Brown,/players/b/brownde01.html
brownde03,Dee Brown,/players/b/brownde03.html
brownde04,Derrick Brown,/players/b/brownde04.html
brownde02,Devin Brown,/players/b/brownde02.html
browner01,Ernest Brown,/players/b/browner01.html
brownja01,Jabari Brown,/players/b/brownja01.html
brownja02,Jaylen Brown,/players/b/brownja02.html
brownke01,Kedrick Brown,/players/b/brownke01.html
brownkw01,Kwame Brown,/players/b/brownkw01.html
brownlo01,Lorenzo Brown,/players/b/brownlo01.html
brownma02,Markel Brown,/players/b/brownma02.html
brownpj01,P.J. Brown,/players/b/brownpj01.html
brownra02,Randy Brown,/players/b/brownra02.html
brownsh01,Shannon Brown,/players/b/brownsh01.html
brownst02,Sterling Brown,/players/b/brownst02.html
brownti01,Tierre Brown,/players/b/brownti01.html
brunsri01,Rick Brunson,/players/b/brunsri01.html
brussni01,Nicolas Brussino,/players/b/brussni01.html
bryanko01,Kobe Bryant,/players/b/bryanko01.html
bryanma01,Mark Bryant,/players/b/bryanma01.html
bryanth01,Thomas Bryant,/players/b/bryanth01.html
buckngr01,Greg Buckner,/players/b/buckngr01.html
budinch01,Chase Budinger,/players/b/budinch01.html
buechju01,Jud Buechler,/players/b/buechju01.html
buforro01,Rodney Buford,/players/b/buforro01.html
bullama01,Matt Bullard,/players/b/bullama01.html
bullore01,Reggie Bullock,/players/b/bullore01.html
burkepa01,Pat Burke,/players/b/burkepa01.html
burketr01,Trey Burke,/players/b/burketr01.html
burksal01,Alec Burks,/players/b/burksal01.html
burksan01,Antonio Burks,/players/b/burksan01.html
burleke01,Kevin Burleson,/players/b/burleke01.html
burresc01,Scott Burrell,/players/b/burresc01.html
butleca01,Caron Butler,/players/b/butleca01.html
butleja01,Jackie Butler,/players/b/butleja01.html
butleji01,Jimmy Butler,/players/b/butleji01.html
butlemi02,Mitchell Butler,/players/b/butlemi02.html
butlera01,Rasual Butler,/players/b/butlera01.html
buyckdw01,Dwight Buycks,/players/b/buyckdw01.html
byarsde01,Derrick Byars,/players/b/byarsde01.html
bynuman01,Andrew Bynum,/players/b/bynuman01.html
bynumwi01,Will Bynum,/players/b/bynumwi01.html
cabarza01,Zarko Cabarkapa,/players/c/cabarza01.html
cabocbr01,Bruno Caboclo,/players/c/cabocbr01.html
caffeja01,Jason Caffey,/players/c/caffeja01.html
calatni01,Nick Calathes,/players/c/calatni01.html
caldejo01,Jose Calderon,/players/c/caldejo01.html
caldwke01,Kentavious Caldwell-Pope,/players/c/caldwke01.html
cambyma01,Marcus Camby,/players/c/cambyma01.html
campbel01,Elden Campbell,/players/c/campbel01.html
canaais01,Isaiah Canaan,/players/c/canaais01.html
capelca01,Clint Capela,/players/c/capelca01.html
caracde01,Derrick Caracter,/players/c/caracde01.html
cardibr01,Brian Cardinal,/players/c/cardibr01.html
carlige01,Geno Carlisle,/players/c/carlige01.html
carnero01,Rodney Carney,/players/c/carnero01.html
carrch01,Chris Carr,/players/c/carrch01.html
carrode01,DeMarre Carroll,/players/c/carrode01.html
carroma01,Matt Carroll,/players/c/carroma01.html
cartean01,Anthony Carter,/players/c/cartean01.html
cartema01,Maurice Carter,/players/c/cartema01.html
cartevi01,Vince Carter,/players/c/cartevi01.html
cartemi01,Michael Carter-Williams,/players/c/cartemi01.html
carusal01,Alex Caruso,/players/c/carusal01.html
cassesa01,Sam Cassell,/players/c/cassesa01.html
casspom01,Omri Casspi,/players/c/casspom01.html
catoke01,Kelvin Cato,/players/c/catoke01.html
caulewi01,Willie Cauley-Stein,/players/c/caulewi01.html
causwdu01,Duane Causwell,/players/c/causwdu01.html
cavanty01,Tyler Cavanaugh,/players/c/cavanty01.html
cebalce01,Cedric Ceballos,/players/c/cebalce01.html
chalmli01,Lionel Chalmers,/players/c/chalmli01.html
chalmma01,Mario Chalmers,/players/c/chalmma01.html
chandty01,Tyson Chandler,/players/c/chandty01.html
chandwi01,Wilson Chandler,/players/c/chandwi01.html
cheanca01,Calbert Cheaney,/players/c/cheanca01.html
cherrwi01,Will Cherry,/players/c/cherrwi01.html
childjo01,Josh Childress,/players/c/childjo01.html
childch01,Chris Childs,/players/c/childch01.html
chrisma01,Marquese Chriss,/players/c/chrisma01.html
chrisdo01,Doug Christie,/players/c/chrisdo01.html
chrisdi01,Dionte Christmas,/players/c/chrisdi01.html
chrisra01,Rakeem Christmas,/players/c/chrisra01.html
chrisse01,Semaj Christon,/players/c/chrisse01.html
chrispa01,Patrick Christopher,/players/c/chrispa01.html
clarkea01,Earl Clark,/players/c/clarkea01.html
clarkia01,Ian Clark,/players/c/clarkia01.html
clarkke01,Keon Clark,/players/c/clarkke01.html
clarkco01,Coty Clarke,/players/c/clarkco01.html
clarkjo01,Jordan Clarkson,/players/c/clarkjo01.html
clavegi01,Gian Clavell,/players/c/clavegi01.html
clavevi01,Victor Claver,/players/c/clavevi01.html
claxtsp01,Speedy Claxton,/players/c/claxtsp01.html
cleavma01,Mateen Cleaves,/players/c/cleavma01.html
clevean01,Antonius Cleveland,/players/c/clevean01.html
cokerjo01,John Coker,/players/c/cokerjo01.html
coleno01,Norris Cole,/players/c/coleno01.html
colemde01,Derrick Coleman,/players/c/colemde01.html
colesbi01,Bimbo Coles,/players/c/colesbi01.html
collija02,Jason Collier,/players/c/collija02.html
collija03,Jarron Collins,/players/c/collija03.html
collija04,Jason Collins,/players/c/collija04.html
collijo01,John Collins,/players/c/collijo01.html
collima01,Mardy Collins,/players/c/collima01.html
collish01,Sherron Collins,/players/c/collish01.html
colliza01,Zach Collins,/players/c/colliza01.html
colliky01,Kyle Collinsworth,/players/c/colliky01.html
collida01,Darren Collison,/players/c/collida01.html
collini01,Nick Collison,/players/c/collini01.html
colsose01,Sean Colson,/players/c/colsose01.html
conlemi01,Mike Conley,/players/c/conlemi01.html
connapa01,Pat Connaughton,/players/c/connapa01.html
conrowi01,Will Conroy,/players/c/conrowi01.html
cookbr01,Brian Cook,/players/c/cookbr01.html
cookda02,Daequan Cook,/players/c/cookda02.html
cookom01,Omar Cook,/players/c/cookom01.html
cookqu01,Quinn Cook,/players/c/cookqu01.html
cookech01,Charles Cooke,/players/c/cookech01.html
cooleja01,Jack Cooley,/players/c/cooleja01.html
copelch01,Chris Copeland,/players/c/copelch01.html
corbity01,Tyrone Corbin,/players/c/corbity01.html
costema01,Matt Costello,/players/c/costema01.html
cottobr01,Bryce Cotton,/players/c/cottobr01.html
cousima01,Marcus Cousin,/players/c/cousima01.html
couside01,DeMarcus Cousins,/players/c/couside01.html
covinro01,Robert Covington,/players/c/covinro01.html
crabbal01,Allen Crabbe,/players/c/crabbal01.html
craigto01,Torrey Craig,/players/c/craigto01.html
crawfch01,Chris Crawford,/players/c/crawfch01.html
crawfja01,Jamal Crawford,/players/c/crawfja01.html
crawfjo01,Joe Crawford,/players/c/crawfjo01.html
crawfjo02,Jordan Crawford,/players/c/crawfjo02.html
crispjo01,Joe Crispin,/players/c/crispjo01.html
crittja01,Javaris Crittenton,/players/c/crittja01.html
croshau01,Austin Croshere,/players/c/croshau01.html
crottjo01,John Crotty,/players/c/crottjo01.html
crowdja01,Jae Crowder,/players/c/crowdja01.html
cummivo01,Vonteego Cummings,/players/c/cummivo01.html
cunnida01,Dante Cunningham,/players/c/cunnida01.html
cunnija01,Jared Cunningham,/players/c/cunnija01.html
curlebi01,Bill Curley,/players/c/curlebi01.html
curryde01,Dell Curry,/players/c/curryde01.html
curryed01,Eddy Curry,/players/c/curryed01.html
curryja01,JamesOn Curry,/players/c/curryja01.html
currymi01,Michael Curry,/players/c/currymi01.html
curryse01,Seth Curry,/players/c/curryse01.html
curryst01,Stephen Curry,/players/c/curryst01.html
dalemsa01,Samuel Dalembert,/players/d/dalemsa01.html
dampier01,Erick Dampier,/players/d/dampier01.html
daniean01,Antonio Daniels,/players/d/daniean01.html
danieer01,Erik Daniels,/players/d/danieer01.html
daniema01,Marquis Daniels,/players/d/daniema01.html
danietr01,Troy Daniels,/players/d/danietr01.html
datomlu01,Luigi Datome,/players/d/datomlu01.html
davidko01,Kornel David,/players/d/davidko01.html
davidje01,Jermareo Davidson,/players/d/davidje01.html
daviebr01,Brandon Davies,/players/d/daviebr01.html
davisan02,Anthony Davis,/players/d/davisan02.html
davisan01,Antonio Davis,/players/d/davisan01.html
davisba01,Baron Davis,/players/d/davisba01.html
davisda01,Dale Davis,/players/d/davisda01.html
davisde01,Deyonta Davis,/players/d/davisde01.html
davised01,Ed Davis,/players/d/davised01.html
davisem01,Emanual Davis,/players/d/davisem01.html
davisgl01,Glen Davis,/players/d/davisgl01.html
davishu01,Hubert Davis,/players/d/davishu01.html
davisjo02,Josh Davis,/players/d/davisjo02.html
davispa01,Paul Davis,/players/d/davispa01.html
davisri01,Ricky Davis,/players/d/davisri01.html
daviste01,Terry Davis,/players/d/daviste01.html
dawkian01,Andre Dawkins,/players/d/dawkian01.html
dawsobr01,Branden Dawson,/players/d/dawsobr01.html
dawsoer01,Eric Dawson,/players/d/dawsoer01.html
dayto01,Todd Day,/players/d/dayto01.html
dayeau01,Austin Daye,/players/d/dayeau01.html
decolna01,Nando De Colo,/players/d/decolna01.html
declean01,Andrew DeClercq,/players/d/declean01.html
dedmode01,Dewayne Dedmon,/players/d/dedmode01.html
dejeabr01,Bryce Dejean-Jones,/players/d/dejeabr01.html
dekkesa01,Sam Dekker,/players/d/dekkesa01.html
delnevi01,Vinny Del Negro,/players/d/delnevi01.html
delanma01,Malcolm Delaney,/players/d/delanma01.html
delfica01,Carlos Delfino,/players/d/delfica01.html
delkto01,Tony Delk,/players/d/delkto01.html
dellama01,Matthew Dellavedova,/players/d/dellama01.html
denglu01,Luol Deng,/players/d/denglu01.html
dentmju01,Justin Dentmon,/players/d/dentmju01.html
derozde01,DeMar DeRozan,/players/d/derozde01.html
dialde01,Derrick Dial,/players/d/dialde01.html
diallch01,Cheick Diallo,/players/d/diallch01.html
diawbo01,Boris Diaw,/players/d/diawbo01.html
diawaya01,Yakhouba Diawara,/players/d/diawaya01.html
diazgu01,Guillermo Diaz,/players/d/diazgu01.html
dickada01,Dan Dickau,/players/d/dickada01.html
dickeka01,Kaniel Dickens,/players/d/dickeka01.html
dickemi01,Michael Dickerson,/players/d/dickemi01.html
dienetr01,Travis Diener,/players/d/dienetr01.html
dienggo01,Gorgui Dieng,/players/d/dienggo01.html
dinwisp01,Spencer Dinwiddie,/players/d/dinwisp01.html
dioguik01,Ike Diogu,/players/d/dioguik01.html
diopde01,DeSagana Diop,/players/d/diopde01.html
divacvl01,Vlade Divac,/players/d/divacvl01.html
dixonju01,Juan Dixon,/players/d/dixonju01.html
doleami01,Michael Doleac,/players/d/doleami01.html
doolike01,Keyon Dooling,/players/d/doolike01.html
dorsejo01,Joey Dorsey,/players/d/dorsejo01.html
dorsety01,Tyler Dorsey,/players/d/dorsety01.html
dotsoda01,Damyean Dotson,/players/d/dotsoda01.html
doubyqu01,Quincy Douby,/players/d/doubyqu01.html
douglsh01,Sherman Douglas,/players/d/douglsh01.html
douglto01,Toney Douglas,/players/d/douglto01.html
douglch01,Chris Douglas-Roberts,/players/d/douglch01.html
dowdeza01,Zabian Dowdell,/players/d/dowdeza01.html
doylemi01,Milton Doyle,/players/d/doylemi01.html
doziepj01,PJ Dozier,/players/d/doziepj01.html
dragigo01,Goran Dragic,/players/d/dragigo01.html
dragizo01,Zoran Dragic,/players/d/dragizo01.html
drewbr01,Bryce Drew,/players/d/drewbr01.html
drewla02,Larry Drew,/players/d/drewla02.html
drobnpr01,Predrag Drobnjak,/players/d/drobnpr01.html
drumman01,Andre Drummond,/players/d/drumman01.html
dudlech02,Chris Dudley,/players/d/dudlech02.html
dudleja01,Jared Dudley,/players/d/dudleja01.html
duhonch01,Chris Duhon,/players/d/duhonch01.html
dukandu01,Duje Dukan,/players/d/dukandu01.html
duncati01,Tim Duncan,/players/d/duncati01.html
dunlemi02,Mike Dunleavy,/players/d/dunlemi02.html
dunnkr01,Kris Dunn,/players/d/dunnkr01.html
duprero01,Ronald Dupree,/players/d/duprero01.html
duranke01,Kevin Durant,/players/d/duranke01.html
dysonje01,Jerome Dyson,/players/d/dysonje01.html
earlycl01,Cleanthony Early,/players/e/earlycl01.html
ebankde01,Devin Ebanks,/players/e/ebankde01.html
ebind01,Ndudi Ebi,/players/e/ebind01.html
eddieja01,Jarell Eddie,/players/e/eddieja01.html
edneyty01,Tyus Edney,/players/e/edneyty01.html
edwarco01,Corsley Edwards,/players/e/edwarco01.html
edwarjo01,John Edwards,/players/e/edwarjo01.html
edwarke01,Kevin Edwards,/players/e/edwarke01.html
edwarsh01,Shane Edwards,/players/e/edwarsh01.html
eisleho01,Howard Eisley,/players/e/eisleho01.html
ekeziob01,Obinna Ekezie,/players/e/ekeziob01.html
elamikh01,Khalid El-Amin,/players/e/elamikh01.html
eliema01,Mario Elie,/players/e/eliema01.html
ellenhe01,Henry Ellenson,/players/e/ellenhe01.html
ellinwa01,Wayne Ellington,/players/e/ellinwa01.html
elliose01,Sean Elliott,/players/e/elliose01.html
ellisla01,LaPhonso Ellis,/players/e/ellisla01.html
ellismo01,Monta Ellis,/players/e/ellismo01.html
ellispe01,Pervis Ellison,/players/e/ellispe01.html
elsonfr01,Francisco Elson,/players/e/elsonfr01.html
elyme01,Melvin Ely,/players/e/elyme01.html
embiijo01,Joel Embiid,/players/e/embiijo01.html
emmetan01,Andre Emmett,/players/e/emmetan01.html
engliki01,Kim English,/players/e/engliki01.html
ennisja01,James Ennis,/players/e/ennisja01.html
ennisty01,Tyler Ennis,/players/e/ennisty01.html
erdense01,Semih Erden,/players/e/erdense01.html
eschmev01,Evan Eschmeyer,/players/e/eschmev01.html
evansja01,Jawun Evans,/players/e/evansja01.html
evansje01,Jeremy Evans,/players/e/evansje01.html
evansma01,Maurice Evans,/players/e/evansma01.html
evansre01,Reggie Evans,/players/e/evansre01.html
evansty01,Tyreke Evans,/players/e/evansty01.html
ewingda01,Daniel Ewing,/players/e/ewingda01.html
ewingpa01,Patrick Ewing,/players/e/ewingpa01.html
ewingpa02,Patrick Ewing,/players/e/ewingpa02.html
exumda01,Dante Exum,/players/e/exumda01.html
eyengch01,Christian Eyenga,/players/e/eyengch01.html
ezelife01,Festus Ezeli,/players/e/ezelife01.html
farieke01,Kenneth Faried,/players/f/farieke01.html
farmajo01,Jordan Farmar,/players/f/farmajo01.html
farmede01,Desmon Farmer,/players/f/farmede01.html
favervi01,Vitor Faverani,/players/f/favervi01.html
favorde01,Derrick Favors,/players/f/favorde01.html
fazekni01,Nick Fazekas,/players/f/fazekni01.html
feickja01,Jamie Feick,/players/f/feickja01.html
feldeka01,Kay Felder,/players/f/feldeka01.html
feliccr01,Cristiano Felicio,/players/f/feliccr01.html
felixca01,Carrick Felix,/players/f/felixca01.html
felixno01,Noel Felix,/players/f/felixno01.html
feltora01,Raymond Felton,/players/f/feltora01.html
fergude01,Desmond Ferguson,/players/f/fergude01.html
fergute01,Terrance Ferguson,/players/f/fergute01.html
fernaru01,Rudy Fernandez,/players/f/fernaru01.html
ferreyo01,Yogi Ferrell,/players/f/ferreyo01.html
ferryda01,Danny Ferry,/players/f/ferryda01.html
fesenky01,Kyrylo Fesenko,/players/f/fesenky01.html
fieldla01,Landry Fields,/players/f/fieldla01.html
finlemi01,Michael Finley,/players/f/finlemi01.html
finnedo01,Dorian Finney-Smith,/players/f/finnedo01.html
fishede01,Derek Fisher,/players/f/fishede01.html
fitchge01,Gerald Fitch,/players/f/fitchge01.html
fizerma01,Marcus Fizer,/players/f/fizerma01.html
florelu01,Luis Flores,/players/f/florelu01.html
flynnjo01,Jonny Flynn,/players/f/flynnjo01.html
fontais01,Isaac Fontaine,/players/f/fontais01.html
footeje01,Jeff Foote,/players/f/footeje01.html
forbebr01,Bryn Forbes,/players/f/forbebr01.html
forbega01,Gary Forbes,/players/f/forbega01.html
fordal02,Alton Ford,/players/f/fordal02.html
fordsh02,Sharrod Ford,/players/f/fordsh02.html
fordtj01,T.J. Ford,/players/f/fordtj01.html
fortejo01,Joseph Forte,/players/f/fortejo01.html
fortsco01,Courtney Fortson,/players/f/fortsco01.html
fortsda01,Danny Fortson,/players/f/fortsda01.html
fostegr01,Greg Foster,/players/f/fostegr01.html
fosteje01,Jeff Foster,/players/f/fosteje01.html
fotsian01,Antonis Fotsis,/players/f/fotsian01.html
fournev01,Evan Fournier,/players/f/fournev01.html
fowlktr01,Tremaine Fowlkes,/players/f/fowlktr01.html
foxde01,De'Aaron Fox,/players/f/foxde01.html
foxri01,Rick Fox,/players/f/foxri01.html
foyera01,Randy Foye,/players/f/foyera01.html
foylead01,Adonal Foyle,/players/f/foylead01.html
frahmri01,Richie Frahm,/players/f/frahmri01.html
francst01,Steve Francis,/players/f/francst01.html
frankja01,Jamaal Franklin,/players/f/frankja01.html
fraziti01,Tim Frazier,/players/f/fraziti01.html
fredeji01,Jimmer Fredette,/players/f/fredeji01.html
freeljo01,Joel Freeland,/players/f/freeljo01.html
freijma01,Matt Freije,/players/f/freijma01.html
fryech01,Channing Frye,/players/f/fryech01.html
fullehi01,Hiram Fuller,/players/f/fullehi01.html
fulleto02,Todd Fuller,/players/f/fulleto02.html
fultzma01,Markelle Fultz,/players/f/fultzma01.html
fundela01,Lawrence Funderburke,/players/f/fundela01.html
gadzuda01,Dan Gadzuric,/players/g/gadzuda01.html
gaide01,Deng Gai,/players/g/gaide01.html
gainere01,Reece Gaines,/players/g/gainere01.html
gainesu01,Sundiata Gaines,/players/g/gainesu01.html
gallida01,Danilo Gallinari,/players/g/gallida01.html
gallola01,Langston Galloway,/players/g/gallola01.html
garbajo01,Jorge Garbajosa,/players/g/garbajo01.html
garceru01,Ruben Garces,/players/g/garceru01.html
garcial01,Alex Garcia,/players/g/garcial01.html
garcifr01,Francisco Garcia,/players/g/garcifr01.html
gardnth01,Thomas Gardner,/players/g/gardnth01.html
garinpa01,Patricio Garino,/players/g/garinpa01.html
garnech01,Chris Garner,/players/g/garnech01.html
garneke01,Kevin Garnett,/players/g/garneke01.html
garrede01,Dean Garrett,/players/g/garrede01.html
garredi02,Diante Garrett,/players/g/garredi02.html
garripa01,Pat Garrity,/players/g/garripa01.html
gasolma01,Marc Gasol,/players/g/gasolma01.html
gasolpa01,Pau Gasol,/players/g/gasolpa01.html
gatlich01,Chris Gatling,/players/g/gatlich01.html
gayru01,Rudy Gay,/players/g/gayru01.html
gbinimi01,Michael Gbinije,/players/g/gbinimi01.html
geeal01,Alonzo Gee,/players/g/geeal01.html
geigema01,Matt Geiger,/players/g/geigema01.html
gelabmi01,Mickael Gelabale,/players/g/gelabmi01.html
georgde01,Devean George,/players/g/georgde01.html
georgpa01,Paul George,/players/g/georgpa01.html
georgma01,Marcus Georges-Hunt,/players/g/georgma01.html
gibsoda01,Daniel Gibson,/players/g/gibsoda01.html
gibsojo01,Jonathan Gibson,/players/g/gibsojo01.html
gibsota01,Taj Gibson,/players/g/gibsota01.html
giddejr01,J.R. Giddens,/players/g/giddejr01.html
gildetr01,Trey Gilder,/players/g/gildetr01.html
gilled01,Eddie Gill,/players/g/gilled01.html
gillke01,Kendall Gill,/players/g/gillke01.html
ginobma01,Manu Ginobili,/players/g/ginobma01.html
giricgo01,Gordan Giricek,/players/g/giricgo01.html
gladnmi01,Mickell Gladness,/players/g/gladnmi01.html
glovedi01,Dion Glover,/players/g/glovedi01.html
glynian01,Andreas Glyniadakis,/players/g/glynian01.html
goberru01,Rudy Gobert,/players/g/goberru01.html
goldwan01,Anthony Goldwire,/players/g/goldwan01.html
gomesry01,Ryan Gomes,/players/g/gomesry01.html
goodedr01,Drew Gooden,/players/g/goodedr01.html
goodrst01,Steve Goodrich,/players/g/goodrst01.html
goodwar01,Archie Goodwin,/players/g/goodwar01.html
gordoaa01,Aaron Gordon,/players/g/gordoaa01.html
gordobe01,Ben Gordon,/players/g/gordobe01.html
gordodr01,Drew Gordon,/players/g/gordodr01.html
gordoer01,Eric Gordon,/players/g/gordoer01.html
gortama01,Marcin Gortat,/players/g/gortama01.html
goudean01,Andrew Goudelock,/players/g/goudean01.html
grahajo01,Joey Graham,/players/g/grahajo01.html
grahast01,Stephen Graham,/players/g/grahast01.html
grahatr01,Treveon Graham,/players/g/grahatr01.html
grangda01,Danny Granger,/players/g/grangda01.html
grantbr01,Brian Grant,/players/g/grantbr01.html
grantga01,Gary Grant,/players/g/grantga01.html
grantho01,Horace Grant,/players/g/grantho01.html
grantje01,Jerami Grant,/players/g/grantje01.html
grantje02,Jerian Grant,/players/g/grantje02.html
grantpa01,Paul Grant,/players/g/grantpa01.html
grayaa01,Aaron Gray,/players/g/grayaa01.html
grayjo01,Josh Gray,/players/g/grayjo01.html
greenac01,A.C. Green,/players/g/greenac01.html
greenda02,Danny Green,/players/g/greenda02.html
greende01,Devin Green,/players/g/greende01.html
greendr01,Draymond Green,/players/g/greendr01.html
greener01,Erick Green,/players/g/greener01.html
greenge01,Gerald Green,/players/g/greenge01.html
greenja01,JaMychal Green,/players/g/greenja01.html
greenje02,Jeff Green,/players/g/greenje02.html
greenta01,Taurean Green,/players/g/greenta01.html
greenwi01,Willie Green,/players/g/greenwi01.html
greendo01,Donte Greene,/players/g/greendo01.html
greenor01,Orien Greene,/players/g/greenor01.html
greerly01,Lynn Greer,/players/g/greerly01.html
griffad01,Adrian Griffin,/players/g/griffad01.html
griffbl01,Blake Griffin,/players/g/griffbl01.html
griffed01,Eddie Griffin,/players/g/griffed01.html
griffta01,Taylor Griffin,/players/g/griffta01.html
grundan01,Anthony Grundy,/players/g/grundan01.html
guglito01,Tom Gugliotta,/players/g/guglito01.html
gutiejo01,Jorge Gutierrez,/players/g/gutiejo01.html
guytoaj01,A.J. Guyton,/players/g/guytoaj01.html
haddaha01,Hamed Haddadi,/players/h/haddaha01.html
hairsma01,Malik Hairston,/players/h/hairsma01.html
hairspj02,P.J. Hairston,/players/h/hairspj02.html
haislma01,Marcus Haislip,/players/h/haislma01.html
hallmi01,Mike Hall,/players/h/hallmi01.html
hamda01,Darvin Ham,/players/h/hamda01.html
hamilda02,Daniel Hamilton,/players/h/hamilda02.html
hamiljo02,Jordan Hamilton,/players/h/hamiljo02.html
hamilju01,Justin Hamilton,/players/h/hamilju01.html
hamilri01,Richard Hamilton,/players/h/hamilri01.html
hamilta01,Tang Hamilton,/players/h/hamilta01.html
hamilze01,Zendon Hamilton,/players/h/hamilze01.html
hammoto01,Tom Hammonds,/players/h/hammoto01.html
hammoaj01,A.J. Hammons,/players/h/hammoaj01.html
handlbe01,Ben Handlogten,/players/h/handlbe01.html
hansbbe01,Ben Hansbrough,/players/h/hansbbe01.html
hansbty01,Tyler Hansbrough,/players/h/hansbty01.html
hansetr01,Travis Hansen,/players/h/hansetr01.html
haranlu01,Luke Harangody,/players/h/haranlu01.html
hardaan01,Anfernee Hardaway,/players/h/hardaan01.html
hardati01,Tim Hardaway,/players/h/hardati01.html
hardati02,Tim Hardaway,/players/h/hardati02.html
hardeja01,James Harden,/players/h/hardeja01.html
harklma01,Maurice Harkless,/players/h/harklma01.html
harpeju01,Justin Harper,/players/h/harpeju01.html
harpero01,Ron Harper,/players/h/harpero01.html
harprma01,Matt Harpring,/players/h/harprma01.html
harremo01,Montrezl Harrell,/players/h/harremo01.html
harrejo01,Josh Harrellson,/players/h/harrejo01.html
harriad01,Adam Harrington,/players/h/harriad01.html
harrial01,Al Harrington,/players/h/harrial01.html
harriju01,Junior Harrington,/players/h/harriju01.html
harriot01,Othella Harrington,/players/h/harriot01.html
harride01,Devin Harris,/players/h/harride01.html
harriel01,Elias Harris,/players/h/harriel01.html
harriga01,Gary Harris,/players/h/harriga01.html
harrijo01,Joe Harris,/players/h/harrijo01.html
harrilu01,Lucious Harris,/players/h/harrilu01.html
harrima01,Manny Harris,/players/h/harrima01.html
harrimi01,Mike Harris,/players/h/harrimi01.html
harrite01,Terrel Harris,/players/h/harrite01.html
harrito02,Tobias Harris,/players/h/harrito02.html
harriaa01,Aaron Harrison,/players/h/harriaa01.html
harrian01,Andrew Harrison,/players/h/harrian01.html
harrida01,David Harrison,/players/h/harrida01.html
harrish01,Shaquille Harrison,/players/h/harrish01.html
hartja01,Jason Hart,/players/h/hartja01.html
hartjo01,Josh Hart,/players/h/hartjo01.html
harvean01,Antonio Harvey,/players/h/harvean01.html
harvedo01,Donnell Harvey,/players/h/harvedo01.html
hasleud01,Udonis Haslem,/players/h/hasleud01.html
hassetr01,Trenton Hassell,/players/h/hassetr01.html
hastoki01,Kirk Haston,/players/h/hastoki01.html
hawessp01,Spencer Hawes,/players/h/hawessp01.html
hawkihe01,Hersey Hawkins,/players/h/hawkihe01.html
hawkiju01,Juaquin Hawkins,/players/h/hawkiju01.html
hawkimi01,Michael Hawkins,/players/h/hawkimi01.html
hayesch01,Chuck Hayes,/players/h/hayesch01.html
hayesja01,Jarvis Hayes,/players/h/hayesja01.html
hayesni01,Nigel Hayes,/players/h/hayesni01.html
haywago01,Gordon Hayward,/players/h/haywago01.html
haywala01,Lazar Hayward,/players/h/haywala01.html
haywobr01,Brendan Haywood,/players/h/haywobr01.html
headlu01,Luther Head,/players/h/headlu01.html
healsh01,Shane Heal,/players/h/healsh01.html
hearnre01,Reggie Hearn,/players/h/hearnre01.html
hendeal01,Alan Henderson,/players/h/hendeal01.html
hendece02,Cedric Henderson,/players/h/hendece02.html
hendege02,Gerald Henderson,/players/h/hendege02.html
henrymy01,Myke Henry,/players/h/henrymy01.html
henryxa01,Xavier Henry,/players/h/henryxa01.html
hensojo01,John Henson,/players/h/hensojo01.html
hernaju01,Juan Hernangomez,/players/h/hernaju01.html
hernawi01,Willy Hernangomez,/players/h/hernawi01.html
herrech01,Chris Herren,/players/h/herrech01.html
herrmwa01,Walter Herrmann,/players/h/herrmwa01.html
hezonma01,Mario Hezonja,/players/h/hezonma01.html
hibbero01,Roy Hibbert,/players/h/hibbero01.html
hicksis01,Isaiah Hicks,/players/h/hicksis01.html
hicksjj01,J.J. Hickson,/players/h/hicksjj01.html
hieldbu01,Buddy Hield,/players/h/hieldbu01.html
higgico01,Cory Higgins,/players/h/higgico01.html
hilarne01,Nene Hilario,/players/h/hilarne01.html
hillge01,George Hill,/players/h/hillge01.html
hillgr01,Grant Hill,/players/h/hillgr01.html
hilljo01,Jordan Hill,/players/h/hilljo01.html
hillso01,Solomon Hill,/players/h/hillso01.html
hillst01,Steven Hill,/players/h/hillst01.html
hillty01,Tyrone Hill,/players/h/hillty01.html
hillida01,Darrun Hilliard,/players/h/hillida01.html
hinriki01,Kirk Hinrich,/players/h/hinriki01.html
hitero01,Robert Hite,/players/h/hitero01.html
hobsoda01,Darington Hobson,/players/h/hobsoda01.html
hodgeju01,Julius Hodge,/players/h/hodgeju01.html
hoibefr01,Fred Hoiberg,/players/h/hoibefr01.html
holcora01,Randy Holcomb,/players/h/holcora01.html
holidjr01,Jrue Holiday,/players/h/holidjr01.html
holidju01,Justin Holiday,/players/h/holidju01.html
hollajo02,John Holland,/players/h/hollajo02.html
holliry01,Ryan Hollins,/players/h/holliry01.html
holliro01,Rondae Hollis-Jefferson,/players/h/holliro01.html
holmeri01,Richaun Holmes,/players/h/holmeri01.html
honeyty01,Tyler Honeycutt,/players/h/honeyty01.html
hoodro01,Rodney Hood,/players/h/hoodro01.html
hopsosc01,Scotty Hopson,/players/h/hopsosc01.html
horfoal01,Al Horford,/players/h/horfoal01.html
hornede01,Dennis Horner,/players/h/hornede01.html
horryro01,Robert Horry,/players/h/horryro01.html
houseda01,Danuel House,/players/h/houseda01.html
houseed01,Eddie House,/players/h/houseed01.html
houstal01,Allan Houston,/players/h/houstal01.html
howardw01,Dwight Howard,/players/h/howardw01.html
howarjo01,Josh Howard,/players/h/howarjo01.html
howarju01,Juwan Howard,/players/h/howarju01.html
hudsole01,Lester Hudson,/players/h/hudsole01.html
hudsotr01,Troy Hudson,/players/h/hudsotr01.html
huertma01,Marcelo Huertas,/players/h/huertma01.html
huestjo01,Josh Huestis,/players/h/huestjo01.html
huffmna01,Nate Huffman,/players/h/huffmna01.html
hughela01,Larry Hughes,/players/h/hughela01.html
hummero01,Robbie Hummel,/players/h/hummero01.html
humphry01,Ryan Humphrey,/players/h/humphry01.html
humphkr01,Kris Humphries,/players/h/humphkr01.html
huntebr01,Brandon Hunter,/players/h/huntebr01.html
huntech01,Chris Hunter,/players/h/huntech01.html
hunteli01,Lindsey Hunter,/players/h/hunteli01.html
hunteot01,Othello Hunter,/players/h/hunteot01.html
hunterj01,R.J. Hunter,/players/h/hunterj01.html
huntest01,Steven Hunter,/players/h/huntest01.html
huntevi01,Vince Hunter,/players/h/huntevi01.html
ibakase01,Serge Ibaka,/players/i/ibakase01.html
iguodan01,Andre Iguodala,/players/i/iguodan01.html
ilgauzy01,Zydrunas Ilgauskas,/players/i/ilgauzy01.html
ilicmi01,Mile Ilic,/players/i/ilicmi01.html
mbengdj01,Didier Ilunga-Mbenga,/players/m/mbengdj01.html
ilyaser01,Ersan Ilyasova,/players/i/ilyaser01.html
inglejo01,Joe Ingles,/players/i/inglejo01.html
inglida01,Damien Inglis,/players/i/inglida01.html
ingrabr01,Brandon Ingram,/players/i/ingrabr01.html
irvinky01,Kyrie Irving,/players/i/irvinky01.html
isaacjo01,Jonathan Isaac,/players/i/isaacjo01.html
iversal01,Allen Iverson,/players/i/iversal01.html
iveyro01,Royal Ivey,/players/i/iveyro01.html
iwundwe01,Wesley Iwundu,/players/i/iwundwe01.html
jackja01,Jarrett Jack,/players/j/jackja01.html
jacksbo01,Bobby Jackson,/players/j/jacksbo01.html
jacksce01,Cedric Jackson,/players/j/jacksce01.html
jacksda01,Darnell Jackson,/players/j/jacksda01.html
jacksde01,Demetrius Jackson,/players/j/jacksde01.html
jacksja01,Jaren Jackson,/players/j/jacksja01.html
jacksje01,Jermaine Jackson,/players/j/jacksje01.html
jacksji01,Jim Jackson,/players/j/jacksji01.html
jacksjo02,Josh Jackson,/players/j/jacksjo02.html
jacksju01,Justin Jackson,/players/j/jacksju01.html
jackslu02,Luke Jackson,/players/j/jackslu02.html
jacksma02,Marc Jackson,/players/j/jacksma02.html
jacksma01,Mark Jackson,/players/j/jacksma01.html
jackspi01,Pierre Jackson,/players/j/jackspi01.html
jacksre01,Reggie Jackson,/players/j/jacksre01.html
jacksst02,Stephen Jackson,/players/j/jacksst02.html
jacobca01,Casey Jacobsen,/players/j/jacobca01.html
jacobsa01,Sam Jacobson,/players/j/jacobsa01.html
jamesbe01,Bernard James,/players/j/jamesbe01.html
jamesda01,Damion James,/players/j/jamesda01.html
jamesje01,Jerome James,/players/j/jamesje01.html
jamesle01,LeBron James,/players/j/jamesle01.html
jamesmi01,Mike James,/players/j/jamesmi01.html
jamesmi02,Mike James,/players/j/jamesmi02.html
jamesti01,Tim James,/players/j/jamesti01.html
jamisan01,Antawn Jamison,/players/j/jamisan01.html
jamisha01,Harold Jamison,/players/j/jamisha01.html
jaricma01,Marko Jaric,/players/j/jaricma01.html
jasiksa01,Sarunas Jasikevicius,/players/j/jasiksa01.html
jawaina01,Nathan Jawai,/players/j/jawaina01.html
jeffech01,Chris Jefferies,/players/j/jeffech01.html
jeffeot01,Othyus Jeffers,/players/j/jeffeot01.html
jeffeal01,Al Jefferson,/players/j/jeffeal01.html
jeffeco01,Cory Jefferson,/players/j/jeffeco01.html
jeffedo01,Dontell Jefferson,/players/j/jeffedo01.html
jefferi01,Richard Jefferson,/players/j/jefferi01.html
jeffrja01,Jared Jeffries,/players/j/jeffrja01.html
jenkich01,Charles Jenkins,/players/j/jenkich01.html
jenkiho01,Horace Jenkins,/players/j/jenkiho01.html
jenkijo01,John Jenkins,/players/j/jenkijo01.html
jennibr01,Brandon Jennings,/players/j/jennibr01.html
jerebjo01,Jonas Jerebko,/players/j/jerebjo01.html
jerregr01,Grant Jerrett,/players/j/jerregr01.html
jetereu01,Eugene Jeter,/players/j/jetereu01.html
jianlyi01,Yi Jianlian,/players/j/jianlyi01.html
johnsbr01,Britton Johnsen,/players/j/johnsbr01.html
johnsal01,Alexander Johnson,/players/j/johnsal01.html
johnsam01,Amir Johnson,/players/j/johnsam01.html
johnsan02,Anthony Johnson,/players/j/johnsan02.html
johnsar02,Armon Johnson,/players/j/johnsar02.html
johnsav01,Avery Johnson,/players/j/johnsav01.html
johnsbr02,Brice Johnson,/players/j/johnsbr02.html
johnsca01,Carldell Johnson,/players/j/johnsca01.html
johnsch03,Chris Johnson,/players/j/johnsch03.html
johnsch04,Chris Johnson,/players/j/johnsch04.html
johnsda04,Dakari Johnson,/players/j/johnsda04.html
johnsde03,DerMarr Johnson,/players/j/johnsde03.html
johnser02,Ervin Johnson,/players/j/johnser02.html
johnsiv01,Ivan Johnson,/players/j/johnsiv01.html
johnsja02,JaJuan Johnson,/players/j/johnsja02.html
johnsja01,James Johnson,/players/j/johnsja01.html
johnsjo02,Joe Johnson,/players/j/johnsjo02.html
johnske03,Ken Johnson,/players/j/johnske03.html
johnsla02,Larry Johnson,/players/j/johnsla02.html
johnsli01,Linton Johnson,/players/j/johnsli01.html
johnsni01,Nick Johnson,/players/j/johnsni01.html
johnsom01,Omari Johnson,/players/j/johnsom01.html
johnsor01,Orlando Johnson,/players/j/johnsor01.html
johnsst04,Stanley Johnson,/players/j/johnsst04.html
johnstr01,Trey Johnson,/players/j/johnstr01.html
johnsty01,Tyler Johnson,/players/j/johnsty01.html
johnswe01,Wesley Johnson,/players/j/johnswe01.html
johnsda03,Darius Johnson-Odom,/players/j/johnsda03.html
jokicni01,Nikola Jokic,/players/j/jokicni01.html
jonesal01,Alvin Jones,/players/j/jonesal01.html
jonesbo02,Bobby Jones,/players/j/jonesbo02.html
jonesda02,Dahntay Jones,/players/j/jonesda02.html
jonesda03,Damian Jones,/players/j/jonesda03.html
jonesda01,Damon Jones,/players/j/jonesda01.html
jonesde01,DeQuan Jones,/players/j/jonesde01.html
jonesde02,Derrick Jones,/players/j/jonesde02.html
jonesdo02,Dominique Jones,/players/j/jonesdo02.html
jonesdw02,Dwayne Jones,/players/j/jonesdw02.html
jonesed02,Eddie Jones,/players/j/jonesed02.html
jonesfr01,Fred Jones,/players/j/jonesfr01.html
jonesja04,Jalen Jones,/players/j/jonesja04.html
jonesja02,James Jones,/players/j/jonesja02.html
jonesju01,Jumaine Jones,/players/j/jonesju01.html
joneske01,Kevin Jones,/players/j/joneske01.html
jonesma03,Mark Jones,/players/j/jonesma03.html
jonespe01,Perry Jones,/players/j/jonespe01.html
jonespo01,Popeye Jones,/players/j/jonespo01.html
jonesso01,Solomon Jones,/players/j/jonesso01.html
joneste01,Terrence Jones,/players/j/joneste01.html
jonesty01,Tyus Jones,/players/j/jonesty01.html
jordade01,DeAndre Jordan,/players/j/jordade01.html
jordaje01,Jerome Jordan,/players/j/jordaje01.html
jordami01,Michael Jordan,/players/j/jordami01.html
josepco01,Cory Joseph,/players/j/josepco01.html
josepga01,Garth Joseph,/players/j/josepga01.html
josepkr01,Kris Joseph,/players/j/josepkr01.html
kamanch01,Chris Kaman,/players/k/kamanch01.html
kaminfr01,Frank Kaminsky,/players/k/kaminfr01.html
kanteen01,Enes Kanter,/players/k/kanteen01.html
kaponja01,Jason Kapono,/players/k/kaponja01.html
karasse01,Sergey Karasev,/players/k/karasse01.html
karlco01,Coby Karl,/players/k/karlco01.html
kasunma01,Mario Kasun,/players/k/kasunma01.html
kaunsa01,Sasha Kaun,/players/k/kaunsa01.html
keefead01,Adam Keefe,/players/k/keefead01.html
kellyry01,Ryan Kelly,/players/k/kellyry01.html
kempsh01,Shawn Kemp,/players/k/kempsh01.html
kennalu01,Luke Kennard,/players/k/kennalu01.html
kennedj01,D.J. Kennedy,/players/k/kennedj01.html
kerrst01,Steve Kerr,/players/k/kerrst01.html
kerseje01,Jerome Kersey,/players/k/kerseje01.html
ketnela01,Lari Ketner,/players/k/ketnela01.html
khryavi01,Viktor Khryapa,/players/k/khryavi01.html
kiddja01,Jason Kidd,/players/k/kiddja01.html
kiddgmi01,Michael Kidd-Gilchrist,/players/k/kiddgmi01.html
kilpase01,Sean Kilpatrick,/players/k/kilpase01.html
kingge02,Gerard King,/players/k/kingge02.html
kinseta01,Tarence Kinsey,/players/k/kinseta01.html
kirilan01,Andrei Kirilenko,/players/k/kirilan01.html
kirkal01,Alex Kirk,/players/k/kirkal01.html
kittlke01,Kerry Kittles,/players/k/kittlke01.html
klebima01,Maxi Kleber,/players/k/klebima01.html
kleizli01,Linas Kleiza,/players/k/kleizli01.html
knighbr02,Brandin Knight,/players/k/knighbr02.html
knighbr03,Brandon Knight,/players/k/knighbr03.html
knighbr01,Brevin Knight,/players/k/knighbr01.html
knightr01,Travis Knight,/players/k/knightr01.html
korkmfu01,Furkan Korkmaz,/players/k/korkmfu01.html
kornelu01,Luke Kornet,/players/k/kornelu01.html
korolya01,Yaroslav Korolev,/players/k/korolya01.html
korveky01,Kyle Korver,/players/k/korveky01.html
koufoko01,Kosta Koufos,/players/k/koufoko01.html
kravtvi01,Viacheslav Kravtsov,/players/k/kravtvi01.html
krstine01,Nenad Krstic,/players/k/krstine01.html
kukocto01,Toni Kukoc,/players/k/kukocto01.html
kurzro01,Rob Kurz,/players/k/kurzro01.html
kutluib01,Ibo Kutluay,/players/k/kutluib01.html
kuzmaky01,Kyle Kuzma,/players/k/kuzmaky01.html
kuzmiog01,Ognjen Kuzmic,/players/k/kuzmiog01.html
kuzmimi01,Mindaugas Kuzminskas,/players/k/kuzmimi01.html
labissk01,Skal Labissiere,/players/l/labissk01.html
laettch01,Christian Laettner,/players/l/laettch01.html
lafayol01,Oliver Lafayette,/players/l/lafayol01.html
lafrera01,Raef LaFrentz,/players/l/lafrera01.html
lambdo01,Doron Lamb,/players/l/lambdo01.html
lambje01,Jeremy Lamb,/players/l/lambje01.html
lampema01,Maciej Lampe,/players/l/lampema01.html
lamplse01,Sean Lampley,/players/l/lamplse01.html
landrca01,Carl Landry,/players/l/landrca01.html
landrma01,Marcus Landry,/players/l/landrma01.html
langja01,James Lang,/players/l/langja01.html
langdtr01,Trajan Langdon,/players/l/langdtr01.html
langfke01,Keith Langford,/players/l/langfke01.html
langhda01,Dan Langhi,/players/l/langhda01.html
laproni01,Nicolas Laprovittola,/players/l/laproni01.html
larkish01,Shane Larkin,/players/l/larkish01.html
larueru01,Rusty LaRue,/players/l/larueru01.html
lasmest01,Stephane Lasme,/players/l/lasmest01.html
lauvejo01,Joffrey Lauvergne,/players/l/lauvejo01.html
lavinza01,Zach LaVine,/players/l/lavinza01.html
lawac01,Acie Law,/players/l/lawac01.html
lawalga01,Gani Lawal,/players/l/lawalga01.html
lawsoty01,Ty Lawson,/players/l/lawsoty01.html
laymaja01,Jake Layman,/players/l/laymaja01.html
leaftj01,T.J. Leaf,/players/l/leaftj01.html
ledori01,Ricky Ledo,/players/l/ledori01.html
leeco01,Courtney Lee,/players/l/leeco01.html
leeda03,Damion Lee,/players/l/leeda03.html
leeda02,David Lee,/players/l/leeda02.html
leema01,Malcolm Lee,/players/l/leema01.html
lemonwa01,"Walt Lemon, Jr.",/players/l/lemonwa01.html
lenal01,Alex Len,/players/l/lenal01.html
lenarvo01,Voshon Lenard,/players/l/lenarvo01.html
leonaka01,Kawhi Leonard,/players/l/leonaka01.html
leoname01,Meyers Leonard,/players/l/leoname01.html
leslitr01,Travis Leslie,/players/l/leslitr01.html
leuerjo01,Jon Leuer,/players/l/leuerjo01.html
leverca01,Caris LeVert,/players/l/leverca01.html
lewisqu01,Quincy Lewis,/players/l/lewisqu01.html
lewisra02,Rashard Lewis,/players/l/lewisra02.html
liggide01,DeAndre Liggins,/players/l/liggide01.html
lillada01,Damian Lillard,/players/l/lillada01.html
linje01,Jeremy Lin,/players/l/linje01.html
livinra01,Randy Livingston,/players/l/livinra01.html
livinsh01,Shaun Livingston,/players/l/livinsh01.html
longar01,Art Long,/players/l/longar01.html
longgr01,Grant Long,/players/l/longgr01.html
longsh01,Shawn Long,/players/l/longsh01.html
longllu01,Luc Longley,/players/l/longllu01.html
looneke01,Kevon Looney,/players/l/looneke01.html
lopezbr01,Brook Lopez,/players/l/lopezbr01.html
lopezfe01,Felipe Lopez,/players/l/lopezfe01.html
lopezra01,Raul Lopez,/players/l/lopezra01.html
lopezro01,Robin Lopez,/players/l/lopezro01.html
loveke01,Kevin Love,/players/l/loveke01.html
lowryky01,Kyle Lowry,/players/l/lowryky01.html
lucaska01,Kalin Lucas,/players/l/lucaska01.html
lucasjo02,John Lucas III,/players/l/lucasjo02.html
luety01,Tyronn Lue,/players/l/luety01.html
luwawti01,Timothe Luwawu-Cabarrot,/players/l/luwawti01.html
lydonty01,Tyler Lydon,/players/l/lydonty01.html
lylestr01,Trey Lyles,/players/l/lylestr01.html
lynchge01,George Lynch,/players/l/lynchge01.html
mcclesh01,Sheldon Mac,/players/m/mcclesh01.html
maccuto01,Todd MacCulloch,/players/m/maccuto01.html
machasc01,Scott Machado,/players/m/machasc01.html
macijar01,Arvydas Macijauskas,/players/m/macijar01.html
macksa01,Sam Mack,/players/m/macksa01.html
macksh01,Shelvin Mack,/players/m/macksh01.html
macklve01,Vernon Macklin,/players/m/macklve01.html
macledo01,Don MacLean,/players/m/macledo01.html
maddoti01,Tito Maddox,/players/m/maddoti01.html
madsema01,Mark Madsen,/players/m/madsema01.html
magetjo01,Josh Magette,/players/m/magetjo01.html
maggeco01,Corey Maggette,/players/m/maggeco01.html
magloja01,Jamaal Magloire,/players/m/magloja01.html
mahinia01,Ian Mahinmi,/players/m/mahinia01.html
majerda01,Dan Majerle,/players/m/majerda01.html
majorre01,Renaldo Major,/players/m/majorre01.html
makerth01,Thon Maker,/players/m/makerth01.html
malonka01,Karl Malone,/players/m/malonka01.html
malonma01,Matt Maloney,/players/m/malonma01.html
mannida01,Danny Manning,/players/m/mannida01.html
marblde01,Devyn Marble,/players/m/marblde01.html
marbust01,Stephon Marbury,/players/m/marbust01.html
mariosh01,Shawn Marion,/players/m/mariosh01.html
marjabo01,Boban Marjanovic,/players/m/marjabo01.html
markkla01,Lauri Markkanen,/players/m/markkla01.html
markoda01,Damir Markota,/players/m/markoda01.html
marksse01,Sean Marks,/players/m/marksse01.html
marshdo02,Donny Marshall,/players/m/marshdo02.html
marshdo01,Donyell Marshall,/players/m/marshdo01.html
marshke01,Kendall Marshall,/players/m/marshke01.html
marshra01,Rawle Marshall,/players/m/marshra01.html
martica01,Cartier Martin,/players/m/martica01.html
martida01,Darrick Martin,/players/m/martida01.html
martija01,Jarell Martin,/players/m/martija01.html
martike01,Kenyon Martin,/players/m/martike01.html
martike02,Kevin Martin,/players/m/martike02.html
mashbja01,Jamal Mashburn,/players/m/mashbja01.html
masonan01,Anthony Mason,/players/m/masonan01.html
masonde01,Desmond Mason,/players/m/masonde01.html
masonfr01,Frank Mason,/players/m/masonfr01.html
masonro01,Roger Mason,/players/m/masonro01.html
masseto01,Tony Massenburg,/players/m/masseto01.html
mathima01,Mangok Mathiang,/players/m/mathima01.html
matthwe02,Wesley Matthews,/players/m/matthwe02.html
maxieja01,Jason Maxiell,/players/m/maxieja01.html
maxweve01,Vernon Maxwell,/players/m/maxweve01.html
mayse01,Sean May,/players/m/mayse01.html
maynoer01,Eric Maynor,/players/m/maynoer01.html
mayooj01,O.J. Mayo,/players/m/mayooj01.html
mbahalu01,Luc Mbah a Moute,/players/m/mbahalu01.html
mcadoja01,James Michael McAdoo,/players/m/mcadoja01.html
mccalra01,Ray McCallum,/players/m/mccalra01.html
mccanra01,Rashad McCants,/players/m/mccanra01.html
mccarwa01,Walter McCarty,/players/m/mccarwa01.html
mccasam01,Amal McCaskill,/players/m/mccasam01.html
mccawpa01,Patrick McCaw,/players/m/mccawpa01.html
mcclida01,Dan McClintock,/players/m/mcclida01.html
mccloge01,George McCloud,/players/m/mccloge01.html
mccolcj01,C.J. McCollum,/players/m/mccolcj01.html
mccontj01,T.J. McConnell,/players/m/mccontj01.html
mccoyje01,Jelani McCoy,/players/m/mccoyje01.html
mccrach01,Chris McCray,/players/m/mccrach01.html
mccreer01,Erik McCree,/players/m/mccreer01.html
mcculch01,Chris McCullough,/players/m/mcculch01.html
mcdankj01,K.J. McDaniels,/players/m/mcdankj01.html
mcderdo01,Doug McDermott,/players/m/mcderdo01.html
mcdyean01,Antonio McDyess,/players/m/mcdyean01.html
mcfariv01,Ivan McFarlin,/players/m/mcfariv01.html
mcgarmi01,Mitch McGary,/players/m/mcgarmi01.html
mcgeeja01,JaVale McGee,/players/m/mcgeeja01.html
mcgratr01,Tracy McGrady,/players/m/mcgratr01.html
mcgruro01,Rodney McGruder,/players/m/mcgruro01.html
mcguido01,Dominic McGuire,/players/m/mcguido01.html
mcilvji01,Jim McIlvaine,/players/m/mcilvji01.html
mcinnje01,Jeff McInnis,/players/m/mcinnje01.html
mckeyde01,Derrick McKey,/players/m/mckeyde01.html
mckieaa01,Aaron McKie,/players/m/mckieaa01.html
mckintr01,Trey McKinney-Jones,/players/m/mckintr01.html
mckinal01,Alfonzo McKinnie,/players/m/mckinal01.html
mclembe01,Ben McLemore,/players/m/mclembe01.html
mcleoke01,Keith McLeod,/players/m/mcleoke01.html
mcleoro01,Roshown McLeod,/players/m/mcleoro01.html
mcneaje01,Jerel McNeal,/players/m/mcneaje01.html
mcphepa01,Paul McPherson,/players/m/mcphepa01.html
mcraejo01,Jordan McRae,/players/m/mcraejo01.html
mcrobjo01,Josh McRoberts,/players/m/mcrobjo01.html
medvest01,Stanislav Medvedenko,/players/m/medvest01.html
meeksjo01,Jodie Meeks,/players/m/meeksjo01.html
mejrisa01,Salah Mejri,/players/m/mejrisa01.html
mekelga01,Gal Mekel,/players/m/mekelga01.html
melofa01,Fab Melo,/players/m/melofa01.html
mensapo01,Pops Mensah-Bonsu,/players/m/mensapo01.html
mercero01,Ron Mercer,/players/m/mercero01.html
mickejo01,Jordan Mickey,/players/m/mickejo01.html
middlkh01,Khris Middleton,/players/m/middlkh01.html
mihmch01,Chris Mihm,/players/m/mihmch01.html
milesaa01,Aaron Miles,/players/m/milesaa01.html
milescj01,C.J. Miles,/players/m/milescj01.html
milesda01,Darius Miles,/players/m/milesda01.html
milicda01,Darko Milicic,/players/m/milicda01.html
millean02,Andre Miller,/players/m/millean02.html
millean01,Anthony Miller,/players/m/millean01.html
millebr01,Brad Miller,/players/m/millebr01.html
milleda01,Darius Miller,/players/m/milleda01.html
millema01,Malcolm Miller,/players/m/millema01.html
millemi01,Mike Miller,/players/m/millemi01.html
milleol01,Oliver Miller,/players/m/milleol01.html
millequ01,Quincy Miller,/players/m/millequ01.html
millere01,Reggie Miller,/players/m/millere01.html
millsch01,Chris Mills,/players/m/millsch01.html
millspa02,Patty Mills,/players/m/millspa02.html
millste01,Terry Mills,/players/m/millste01.html
millsel01,Elijah Millsap,/players/m/millsel01.html
millspa01,Paul Millsap,/players/m/millspa01.html
mingya01,Yao Ming,/players/m/mingya01.html
mirotni01,Nikola Mirotic,/players/m/mirotni01.html
mitchdo01,Donovan Mitchell,/players/m/mitchdo01.html
mitchsa01,Sam Mitchell,/players/m/mitchsa01.html
mitchto03,Tony Mitchell,/players/m/mitchto03.html
mitchto02,Tony Mitchell,/players/m/mitchto02.html
mitrona01,Naz Mitrou-Long,/players/m/mitrona01.html
moblecu01,Cuttino Mobley,/players/m/moblecu01.html
mohamna01,Nazr Mohammed,/players/m/mohamna01.html
moisoje01,Jerome Moiso,/players/m/moisoje01.html
moniase01,Sergei Monia,/players/m/moniase01.html
monkma01,Malik Monk,/players/m/monkma01.html
monrogr01,Greg Monroe,/players/m/monrogr01.html
montelu01,Luis Montero,/players/m/montelu01.html
montrer01,Eric Montross,/players/m/montrer01.html
moonja01,Jamario Moon,/players/m/moonja01.html
moorebe01,Ben Moore,/players/m/moorebe01.html
mooreet01,E'Twaun Moore,/players/m/mooreet01.html
mooremi01,Mikki Moore,/players/m/mooremi01.html
moreler01,Eric Moreland,/players/m/moreler01.html
morrida01,Darius Morris,/players/m/morrida01.html
morrija01,Jaylen Morris,/players/m/morrija01.html
morrima03,Marcus Morris,/players/m/morrima03.html
morrima02,Markieff Morris,/players/m/morrima02.html
morrimo01,Monte Morris,/players/m/morrimo01.html
morrira01,Randolph Morris,/players/m/morrira01.html
morrite01,Terence Morris,/players/m/morrite01.html
morriad01,Adam Morrison,/players/m/morriad01.html
morroan01,Anthony Morrow,/players/m/morroan01.html
motiedo01,Donatas Motiejunas,/players/m/motiedo01.html
motlejo01,Johnathan Motley,/players/m/motlejo01.html
mottoha01,Hanno Mottola,/players/m/mottoha01.html
moultar01,Arnett Moultrie,/players/m/moultar01.html
mournal01,Alonzo Mourning,/players/m/mournal01.html
mozgoti01,Timofey Mozgov,/players/m/mozgoti01.html
mudiaem01,Emmanuel Mudiay,/players/m/mudiaem01.html
muhamsh01,Shabazz Muhammad,/players/m/muhamsh01.html
mulleby01,Byron Mullens,/players/m/mulleby01.html
mullich01,Chris Mullin,/players/m/mullich01.html
munfoxa02,Xavier Munford,/players/m/munfoxa02.html
murpher01,Erik Murphy,/players/m/murpher01.html
murphke01,Kevin Murphy,/players/m/murphke01.html
murphtr01,Troy Murphy,/players/m/murphtr01.html
murrade01,Dejounte Murray,/players/m/murrade01.html
murraja01,Jamal Murray,/players/m/murraja01.html
murrala01,Lamond Murray,/players/m/murrala01.html
murraro01,Ronald Murray,/players/m/murraro01.html
murratr01,Tracy Murray,/players/m/murratr01.html
murryto01,Toure' Murry,/players/m/murryto01.html
muscami01,Mike Muscala,/players/m/muscami01.html
mutomdi01,Dikembe Mutombo,/players/m/mutomdi01.html
ndiayha01,Hamady N'Diaye,/players/n/ndiayha01.html
ndiayma02,Mamadou N'Diaye,/players/n/ndiayma02.html
ndongbo01,Boniface N'Dong,/players/n/ndongbo01.html
nachbbo01,Bostjan Nachbar,/players/n/nachbbo01.html
naderab01,Abdel Nader,/players/n/naderab01.html
nailole01,Lee Nailon,/players/n/nailole01.html
najered01,Eduardo Najera,/players/n/najered01.html
nancela02,Larry Nance,/players/n/nancela02.html
napiesh01,Shabazz Napier,/players/n/napiesh01.html
nashst01,Steve Nash,/players/n/nashst01.html
navarju01,Juan Carlos Navarro,/players/n/navarju01.html
ndourma01,Maurice Ndour,/players/n/ndourma01.html
nealga01,Gary Neal,/players/n/nealga01.html
nedovne01,Nemanja Nedovic,/players/n/nedovne01.html
nelsode01,DeMarcus Nelson,/players/n/nelsode01.html
nelsoja01,Jameer Nelson,/players/n/nelsoja01.html
nesbyty01,Tyrone Nesby,/players/n/nesbyty01.html
nestera01,Rasho Nesterovic,/players/n/nestera01.html
netora01,Raul Neto,/players/n/netora01.html
newblir01,Ira Newble,/players/n/newblir01.html
newmajo01,Johnny Newman,/players/n/newmajo01.html
niangge01,Georges Niang,/players/n/niangge01.html
nichode01,Demetris Nichols,/players/n/nichode01.html
nichoan01,Andrew Nicholson,/players/n/nichoan01.html
noahjo01,Joakim Noah,/players/n/noahjo01.html
nocioan01,Andres Nocioni,/players/n/nocioan01.html
noelda01,David Noel,/players/n/noelda01.html
noelne01,Nerlens Noel,/players/n/noelne01.html
noguelu01,Lucas Nogueira,/players/n/noguelu01.html
norrimo01,Moochie Norris,/players/n/norrimo01.html
novakst01,Steve Novak,/players/n/novakst01.html
nowitdi01,Dirk Nowitzki,/players/n/nowitdi01.html
ntilila01,Frank Ntilikina,/players/n/ntilila01.html
nunnaja01,James Nunnally,/players/n/nunnaja01.html
nurkiju01,Jusuf Nurkic,/players/n/nurkiju01.html
nwabada01,David Nwaba,/players/n/nwabada01.html
obriejj01,J.J. O'Brien,/players/o/obriejj01.html
obryajo01,Johnny O'Bryant,/players/o/obryajo01.html
obryapa01,Patrick O'Bryant,/players/o/obryapa01.html
onealje01,Jermaine O'Neal,/players/o/onealje01.html
onealsh01,Shaquille O'Neal,/players/o/onealsh01.html
onealro01,Royce O'Neale,/players/o/onealro01.html
oquinky01,Kyle O'Quinn,/players/o/oquinky01.html
oaklech01,Charles Oakley,/players/o/oaklech01.html
obertfa01,Fabricio Oberto,/players/o/obertfa01.html
ochefda01,Daniel Ochefu,/players/o/ochefda01.html
odengr01,Greg Oden,/players/o/odengr01.html
odomla01,Lamar Odom,/players/o/odomla01.html
ohlbrti01,Tim Ohlbrecht,/players/o/ohlbrti01.html
ojelese01,Semi Ojeleye,/players/o/ojelese01.html
okafoem01,Emeka Okafor,/players/o/okafoem01.html
okafoja01,Jahlil Okafor,/players/o/okafoja01.html
okurme01,Mehmet Okur,/players/o/okurme01.html
oladivi01,Victor Oladipo,/players/o/oladivi01.html
olajuha01,Hakeem Olajuwon,/players/o/olajuha01.html
olivede01,Dean Oliver,/players/o/olivede01.html
ollieke01,Kevin Ollie,/players/o/ollieke01.html
olowomi01,Michael Olowokandi,/players/o/olowomi01.html
olynyke01,Kelly Olynyk,/players/o/olynyke01.html
onuakar01,Arinze Onuaku,/players/o/onuakar01.html
onuakch01,Chinanu Onuaku,/players/o/onuakch01.html
ortonda01,Daniel Orton,/players/o/ortonda01.html
osmande01,Cedi Osman,/players/o/osmande01.html
ostergr01,Greg Ostertag,/players/o/ostergr01.html
oubreke01,Kelly Oubre,/players/o/oubreke01.html
outlabo01,Bo Outlaw,/players/o/outlabo01.html
outlatr01,Travis Outlaw,/players/o/outlatr01.html
overtdo01,Doug Overton,/players/o/overtdo01.html
owensan01,Andre Owens,/players/o/owensan01.html
owensbi01,Billy Owens,/players/o/owensbi01.html
owensch01,Chris Owens,/players/o/owensch01.html
owensla01,Larry Owens,/players/o/owensla01.html
oyedeol01,Olumide Oyedeji,/players/o/oyedeol01.html
pachuza01,Zaza Pachulia,/players/p/pachuza01.html
packro01,Robert Pack,/players/p/packro01.html
padgesc01,Scott Padgett,/players/p/padgesc01.html
paigema01,Marcus Paige,/players/p/paigema01.html
palacmi01,Milt Palacio,/players/p/palacmi01.html
pankoan01,Andy Panko,/players/p/pankoan01.html
papagge01,Georgios Papagiannis,/players/p/papagge01.html
papanko01,Kostas Papanikolaou,/players/p/papanko01.html
pargoja01,Jannero Pargo,/players/p/pargoja01.html
pargoje01,Jeremy Pargo,/players/p/pargoje01.html
parkean01,Anthony Parker,/players/p/parkean01.html
parkeja01,Jabari Parker,/players/p/parkeja01.html
parkesm01,Smush Parker,/players/p/parkesm01.html
parketo01,Tony Parker,/players/p/parketo01.html
parksch02,Cherokee Parks,/players/p/parksch02.html
parsoch01,Chandler Parsons,/players/p/parsoch01.html
pattela01,Lamar Patterson,/players/p/pattela01.html
pattepa01,Patrick Patterson,/players/p/pattepa01.html
patteru01,Ruben Patterson,/players/p/patteru01.html
pattoju01,Justin Patton,/players/p/pattoju01.html
paulbr01,Brandon Paul,/players/p/paulbr01.html
paulch01,Chris Paul,/players/p/paulch01.html
pavloal01,Sasha Pavlovic,/players/p/pavloal01.html
paynead01,Adreian Payne,/players/p/paynead01.html
payneca01,Cameron Payne,/players/p/payneca01.html
paytoel01,Elfrid Payton,/players/p/paytoel01.html
paytoga01,Gary Payton,/players/p/paytoga01.html
paytoga02,Gary Payton,/players/p/paytoga02.html
pecheol01,Oleksiy Pecherov,/players/p/pecheol01.html
peelean01,Anthony Peeler,/players/p/peelean01.html
pekovni01,Nikola Pekovic,/players/p/pekovni01.html
penbemi01,Mike Penberthy,/players/p/penbemi01.html
penigde01,Desmond Penigar,/players/p/penigde01.html
penneki01,Kirk Penney,/players/p/penneki01.html
perduwi01,Will Perdue,/players/p/perduwi01.html
perkike01,Kendrick Perkins,/players/p/perkike01.html
perkisa01,Sam Perkins,/players/p/perkisa01.html
perovko01,Kosta Perovic,/players/p/perovko01.html
perralo01,London Perrantes,/players/p/perralo01.html
perryel01,Elliot Perry,/players/p/perryel01.html
persowe01,Wesley Person,/players/p/persowe01.html
peteral01,Alec Peters,/players/p/peteral01.html
petermo01,Morris Peterson,/players/p/petermo01.html
petrojo01,Johan Petro,/players/p/petrojo01.html
piatker01,Eric Piatkowski,/players/p/piatker01.html
piercpa01,Paul Pierce,/players/p/piercpa01.html
pietrmi01,Mickael Pietrus,/players/p/pietrmi01.html
pinknke01,Kevinn Pinkney,/players/p/pinknke01.html
pippesc01,Scottie Pippen,/players/p/pippesc01.html
pittmde01,Dexter Pittman,/players/p/pittmde01.html
planizo01,Zoran Planinic,/players/p/planizo01.html
pleisti01,Tibor Pleiss,/players/p/pleisti01.html
plumlma02,Marshall Plumlee,/players/p/plumlma02.html
plumlma01,Mason Plumlee,/players/p/plumlma01.html
plumlmi01,Miles Plumlee,/players/p/plumlmi01.html
podkopa01,Pavel Podkolzin,/players/p/podkopa01.html
poeltja01,Jakob Poeltl,/players/p/poeltja01.html
pollasc01,Scot Pollard,/players/p/pollasc01.html
polynol01,Olden Polynice,/players/p/polynol01.html
pondequ01,Quincy Pondexter,/players/p/pondequ01.html
popema01,Mark Pope,/players/p/popema01.html
portech01,Chris Porter,/players/p/portech01.html
porteot01,Otto Porter,/players/p/porteot01.html
portete01,Terry Porter,/players/p/portete01.html
portibo01,Bobby Portis,/players/p/portibo01.html
porzikr01,Kristaps Porzingis,/players/p/porzikr01.html
poseyja01,James Posey,/players/p/poseyja01.html
postela01,Lavor Postell,/players/p/postela01.html
potapvi01,Vitaly Potapenko,/players/p/potapvi01.html
powele01,Leon Powe,/players/p/powele01.html
poweldw01,Dwight Powell,/players/p/poweldw01.html
poweljo01,Josh Powell,/players/p/poweljo01.html
powelka01,Kasib Powell,/players/p/powelka01.html
powelno01,Norman Powell,/players/p/powelno01.html
powelro01,Roger Powell,/players/p/powelro01.html
poythal01,Alex Poythress,/players/p/poythal01.html
pressph01,Phil Pressey,/players/p/pressph01.html
priceaj01,A.J. Price,/players/p/priceaj01.html
pricebr01,Brent Price,/players/p/pricebr01.html
pricero01,Ronnie Price,/players/p/pricero01.html
prigipa01,Pablo Prigioni,/players/p/prigipa01.html
princta01,Tayshaun Prince,/players/p/princta01.html
profila01,Laron Profit,/players/p/profila01.html
pruitga01,Gabe Pruitt,/players/p/pruitga01.html
przybjo01,Joel Przybilla,/players/p/przybjo01.html
pulleja01,Jacob Pullen,/players/p/pulleja01.html
purviro01,Rodney Purvis,/players/p/purviro01.html
qizh01,Zhou Qi,/players/q/qizh01.html
quartti01,Tim Quarterman,/players/q/quartti01.html
quinnch01,Chris Quinn,/players/q/quinnch01.html
rabbiv01,Ivan Rabb,/players/r/rabbiv01.html
radmavl01,Vladimir Radmanovic,/players/r/radmavl01.html
radojal01,Aleksandar Radojevic,/players/r/radojal01.html
radulmi01,Miroslav Raduljica,/players/r/radulmi01.html
rakocig01,Igor Rakocevic,/players/r/rakocig01.html
ramospe01,Peter John Ramos,/players/r/ramospe01.html
randlch01,Chasson Randle,/players/r/randlch01.html
randlju01,Julius Randle,/players/r/randlju01.html
randoan01,Anthony Randolph,/players/r/randoan01.html
randosh01,Shavlik Randolph,/players/r/randosh01.html
randoza01,Zach Randolph,/players/r/randoza01.html
rathaxa01,Xavier Rathan-Mayes,/players/r/rathaxa01.html
ratlith01,Theo Ratliff,/players/r/ratlith01.html
rautian01,Andy Rautins,/players/r/rautian01.html
rayal01,Allan Ray,/players/r/rayal01.html
rebraze01,Zeljko Rebraca,/players/r/rebraze01.html
recasel01,Eldridge Recasner,/players/r/recasel01.html
reddmi01,Michael Redd,/players/r/reddmi01.html
redicjj01,J.J. Redick,/players/r/redicjj01.html
reedda01,Davon Reed,/players/r/reedda01.html
reedju01,Justin Reed,/players/r/reedju01.html
reedwi02,Willie Reed,/players/r/reedwi02.html
reevebr01,Bryant Reeves,/players/r/reevebr01.html
reiddo01,Don Reid,/players/r/reiddo01.html
reidjr01,J.R. Reid,/players/r/reidjr01.html
reidry01,Ryan Reid,/players/r/reidry01.html
reineja01,Jared Reiner,/players/r/reineja01.html
rentzef01,Efthimi Rentzias,/players/r/rentzef01.html
ricegl01,Glen Rice,/players/r/ricegl01.html
ricegl02,Glen Rice,/players/r/ricegl02.html
richach01,Chris Richard,/players/r/richach01.html
richaja01,Jason Richardson,/players/r/richaja01.html
richaje01,Jeremy Richardson,/players/r/richaje01.html
richajo01,Josh Richardson,/players/r/richajo01.html
richama01,Malachi Richardson,/players/r/richama01.html
richano01,Norm Richardson,/players/r/richano01.html
richaqu01,Quentin Richardson,/players/r/richaqu01.html
richmmi01,Mitch Richmond,/players/r/richmmi01.html
rideris01,Isaiah Rider,/players/r/rideris01.html
ridnolu01,Luke Ridnour,/players/r/ridnolu01.html
rigauan01,Antoine Rigaudeau,/players/r/rigauan01.html
riverau01,Austin Rivers,/players/r/riverau01.html
roberan03,Andre Roberson,/players/r/roberan03.html
roberan02,Anthony Roberson,/players/r/roberan02.html
roberte01,Terrance Roberson,/players/r/roberte01.html
roberbr01,Brian Roberts,/players/r/roberbr01.html
roberla01,Lawrence Roberts,/players/r/roberla01.html
robinbe01,Bernard Robinson,/players/r/robinbe01.html
robincl02,Clifford Robinson,/players/r/robincl02.html
robinda01,David Robinson,/players/r/robinda01.html
robined01,Eddie Robinson,/players/r/robined01.html
robingl01,Glenn Robinson,/players/r/robingl01.html
robingl02,Glenn Robinson,/players/r/robingl02.html
robinja03,Jamal Robinson,/players/r/robinja03.html
robinja02,James Robinson,/players/r/robinja02.html
robinla01,Larry Robinson,/players/r/robinla01.html
robinna01,Nate Robinson,/players/r/robinna01.html
robinth01,Thomas Robinson,/players/r/robinth01.html
rodrise01,Sergio Rodriguez,/players/r/rodrise01.html
rogerca01,Carlos Rogers,/players/r/rogerca01.html
rogerro01,Rodney Rogers,/players/r/rogerro01.html
rondora01,Rajon Rondo,/players/r/rondora01.html
rooksse01,Sean Rooks,/players/r/rooksse01.html
rosede01,Derrick Rose,/players/r/rosede01.html
roseja01,Jalen Rose,/players/r/roseja01.html
rosema01,Malik Rose,/players/r/rosema01.html
rossqu01,Quinton Ross,/players/r/rossqu01.html
rosste01,Terrence Ross,/players/r/rosste01.html
roybr01,Brandon Roy,/players/r/roybr01.html
roziete01,Terry Rozier,/players/r/roziete01.html
rubiori01,Ricky Rubio,/players/r/rubiori01.html
ruckegu01,Guy Rucker,/players/r/ruckegu01.html
rudezda01,Damjan Rudez,/players/r/rudezda01.html
ruffimi01,Michael Ruffin,/players/r/ruffimi01.html
rushbr01,Brandon Rush,/players/r/rushbr01.html
rushka01,Kareem Rush,/players/r/rushka01.html
russebr01,Bryon Russell,/players/r/russebr01.html
russeda01,D'Angelo Russell,/players/r/russeda01.html
russewa02,Walker Russell,/players/r/russewa02.html
sabonar01,Arvydas Sabonis,/players/s/sabonar01.html
sabondo01,Domantas Sabonis,/players/s/sabondo01.html
sacrero01,Robert Sacre,/players/s/sacrero01.html
salmojo01,John Salmons,/players/s/salmojo01.html
samakso01,Soumaila Samake,/players/s/samakso01.html
sambch01,Cheikh Samb,/players/s/sambch01.html
sampsja02,JaKarr Sampson,/players/s/sampsja02.html
sampsja01,Jamal Sampson,/players/s/sampsja01.html
samuesa01,Samardo Samuels,/players/s/samuesa01.html
sanchpe01,Pepe Sanchez,/players/s/sanchpe01.html
sandela01,Larry Sanders,/players/s/sandela01.html
sandeme01,Melvin Sanders,/players/s/sandeme01.html
santida01,Daniel Santiago,/players/s/santida01.html
saricda01,Dario Saric,/players/s/saricda01.html
sasseje01,Jeryl Sasser,/players/s/sasseje01.html
satorto01,Tomas Satoransky,/players/s/satorto01.html
satteke01,Kenny Satterfield,/players/s/satteke01.html
savovpr01,Predrag Savovic,/players/s/savovpr01.html
scalabr01,Brian Scalabrine,/players/s/scalabr01.html
scaleal01,Alex Scales,/players/s/scaleal01.html
schenlu01,Luke Schenscher,/players/s/schenlu01.html
schrede01,Detlef Schrempf,/players/s/schrede01.html
schrode01,Dennis Schroder,/players/s/schrode01.html
scolalu01,Luis Scola,/players/s/scolalu01.html
scottmi01,Mike Scott,/players/s/scottmi01.html
scottsh01,Shawnelle Scott,/players/s/scottsh01.html
sefolth01,Thabo Sefolosha,/players/s/sefolth01.html
selbyjo01,Josh Selby,/players/s/selbyjo01.html
seldewa01,Wayne Selden,/players/s/seldewa01.html
senesa01,Mouhamed Sene,/players/s/senesa01.html
serapke01,Kevin Seraphin,/players/s/serapke01.html
sesayan01,Ansu Sesay,/players/s/sesayan01.html
sessira01,Ramon Sessions,/players/s/sessira01.html
seungha01,Ha Seung-Jin,/players/s/seungha01.html
shakumu01,Mustafa Shakur,/players/s/shakumu01.html
sharpwa01,Walter Sharpe,/players/s/sharpwa01.html
shawbr01,Brian Shaw,/players/s/shawbr01.html
shengto01,Tornike Shengelia,/players/s/shengto01.html
shirlpa01,Paul Shirley,/players/s/shirlpa01.html
shumpim01,Iman Shumpert,/players/s/shumpim01.html
shvedal01,Alexey Shved,/players/s/shvedal01.html
siakapa01,Pascal Siakam,/players/s/siakapa01.html
silasxa01,Xavier Silas,/players/s/silasxa01.html
silerga01,Garret Siler,/players/s/silerga01.html
simiewa01,Wayne Simien,/players/s/simiewa01.html
simmobe01,Ben Simmons,/players/s/simmobe01.html
simmobo01,Bobby Simmons,/players/s/simmobo01.html
simmoce01,Cedric Simmons,/players/s/simmoce01.html
simmojo02,Jonathon Simmons,/players/s/simmojo02.html
simmoko01,Kobi Simmons,/players/s/simmoko01.html
simpkdi01,Dickey Simpkins,/players/s/simpkdi01.html
simsco01,Courtney Sims,/players/s/simsco01.html
simshe01,Henry Sims,/players/s/simshe01.html
singlky01,Kyle Singler,/players/s/singlky01.html
singlse01,Sean Singletary,/players/s/singlse01.html
singlch01,Chris Singleton,/players/s/singlch01.html
singlja01,James Singleton,/players/s/singlja01.html
sivape01,Peyton Siva,/players/s/sivape01.html
skinnbr01,Brian Skinner,/players/s/skinnbr01.html
slatere01,Reggie Slater,/players/s/slatere01.html
slayta01,Tamar Slay,/players/s/slayta01.html
sloando01,Donald Sloan,/players/s/sloando01.html
slokaur01,Uros Slokar,/players/s/slokaur01.html
smartma01,Marcus Smart,/players/s/smartma01.html
smithch04,Charles Smith,/players/s/smithch04.html
smithch05,Chris Smith,/players/s/smithch05.html
smithcr01,Craig Smith,/players/s/smithcr01.html
smithde03,Dennis Smith,/players/s/smithde03.html
smithdo04,Donta Smith,/players/s/smithdo04.html
smithgr02,Greg Smith,/players/s/smithgr02.html
smithis01,Ish Smith,/players/s/smithis01.html
smithjr01,J.R. Smith,/players/s/smithjr01.html
smithja01,Jabari Smith,/players/s/smithja01.html
smithja02,Jason Smith,/players/s/smithja02.html
smithje01,Jerry Smith,/players/s/smithje01.html
smithjo02,Joe Smith,/players/s/smithjo02.html
smithjo03,Josh Smith,/players/s/smithjo03.html
smithle01,Leon Smith,/players/s/smithle01.html
smithmi02,Michael Smith,/players/s/smithmi02.html
smithmi03,Mike Smith,/players/s/smithmi03.html
smithno01,Nolan Smith,/players/s/smithno01.html
smithru01,Russ Smith,/players/s/smithru01.html
smithst01,Steve Smith,/players/s/smithst01.html
smithst03,Steven Smith,/players/s/smithst03.html
smithth01,Theron Smith,/players/s/smithth01.html
smithto02,Tony Smith,/players/s/smithto02.html
snellto01,Tony Snell,/players/s/snellto01.html
snower01,Eric Snow,/players/s/snower01.html
snydeki01,Kirk Snyder,/players/s/snydeki01.html
solomwi01,Will Solomon,/players/s/solomwi01.html
songada01,Darius Songaila,/players/s/songada01.html
southja01,James Southerland,/players/s/southja01.html
sowpa01,Pape Sow,/players/s/sowpa01.html
spanova01,Vassilis Spanoulis,/players/s/spanova01.html
speigma01,Marreese Speights,/players/s/speigma01.html
spencfe01,Felton Spencer,/players/s/spencfe01.html
splitti01,Tiago Splitter,/players/s/splitti01.html
sprewla01,Latrell Sprewell,/players/s/sprewla01.html
stackje01,Jerry Stackhouse,/players/s/stackje01.html
starkjo01,John Starks,/players/s/starkjo01.html
stausni01,Nik Stauskas,/players/s/stausni01.html
stepavl01,Vladimir Stepania,/players/s/stepavl01.html
stephdj01,D.J. Stephens,/players/s/stephdj01.html
stephla01,Lance Stephenson,/players/s/stephla01.html
stephal01,Alex Stepheson,/players/s/stephal01.html
stevede01,DeShawn Stevenson,/players/s/stevede01.html
stewami01,Michael Stewart,/players/s/stewami01.html
stiemgr01,Greg Stiemsma,/players/s/stiemgr01.html
stithbr01,Bryant Stith,/players/s/stithbr01.html
stockda01,David Stockton,/players/s/stockda01.html
stockjo01,John Stockton,/players/s/stockjo01.html
stojape01,Peja Stojakovic,/players/s/stojape01.html
stokeja01,Jarnell Stokes,/players/s/stokeja01.html
stonedi01,Diamond Stone,/players/s/stonedi01.html
stoneju01,Julyan Stone,/players/s/stoneju01.html
storeaw01,Awvee Storey,/players/s/storeaw01.html
stoudda01,Damon Stoudamire,/players/s/stoudda01.html
stoudsa01,Salim Stoudamire,/players/s/stoudsa01.html
stoudam01,Amar'e Stoudemire,/players/s/stoudam01.html
strawdj01,D.J. Strawberry,/players/s/strawdj01.html
stricer01,Erick Strickland,/players/s/stricer01.html
stricma01,Mark Strickland,/players/s/stricma01.html
stricro02,Rod Strickland,/players/s/stricro02.html
stronde01,Derek Strong,/players/s/stronde01.html
stuckro01,Rodney Stuckey,/players/s/stuckro01.html
sullija01,Jared Sullinger,/players/s/sullija01.html
summeda01,DaJuan Summers,/players/s/summeda01.html
sundobr01,Bruno Sundov,/players/s/sundobr01.html
surabo01,Bob Sura,/players/s/surabo01.html
swanica01,Caleb Swanigan,/players/s/swanica01.html
sweetmi01,Mike Sweetney,/players/s/sweetmi01.html
swiftro01,Robert Swift,/players/s/swiftro01.html
swiftst01,Stromile Swift,/players/s/swiftst01.html
sypa01,Pape Sy,/players/s/sypa01.html
szczewa02,Wally Szczerbiak,/players/s/szczewa02.html
tabakza01,Zan Tabak,/players/t/tabakza01.html
tabusyu01,Yuta Tabuse,/players/t/tabusyu01.html
taftch01,Chris Taft,/players/t/taftch01.html
tarladr01,Dragan Tarlac,/players/t/tarladr01.html
tatumja01,Jayson Tatum,/players/t/tatumja01.html
tavarwa01,Edy Tavares,/players/t/tavarwa01.html
taylodo01,Donell Taylor,/players/t/taylodo01.html
taylois01,Isaiah Taylor,/players/t/taylois01.html
tayloje03,Jeffery Taylor,/players/t/tayloje03.html
tayloje02,Jermaine Taylor,/players/t/tayloje02.html
tayloma01,Maurice Taylor,/players/t/tayloma01.html
taylomi01,Mike Taylor,/players/t/taylomi01.html
tayloty01,Tyshawn Taylor,/players/t/tayloty01.html
teaguje01,Jeff Teague,/players/t/teaguje01.html
teaguma01,Marquis Teague,/players/t/teaguma01.html
teletmi01,Mirza Teletovic,/players/t/teletmi01.html
telfase01,Sebastian Telfair,/players/t/telfase01.html
templga01,Garrett Temple,/players/t/templga01.html
teodomi01,Milos Teodosic,/players/t/teodomi01.html
terryja01,Jason Terry,/players/t/terryja01.html
thabeha01,Hasheem Thabeet,/players/t/thabeha01.html
theisda01,Daniel Theis,/players/t/theisda01.html
thomaad01,Adonis Thomas,/players/t/thomaad01.html
thomabi01,Billy Thomas,/players/t/thomabi01.html
thomaet01,Etan Thomas,/players/t/thomaet01.html
thomais02,Isaiah Thomas,/players/t/thomais02.html
thomaja01,Jamel Thomas,/players/t/thomaja01.html
thomaja02,James Thomas,/players/t/thomaja02.html
thomajo02,John Thomas,/players/t/thomajo02.html
thomake01,Kenny Thomas,/players/t/thomake01.html
thomaku01,Kurt Thomas,/players/t/thomaku01.html
thomala01,Lance Thomas,/players/t/thomala01.html
thomama01,Malcolm Thomas,/players/t/thomama01.html
thomati01,Tim Thomas,/players/t/thomati01.html
thomaty01,Tyrus Thomas,/players/t/thomaty01.html
thomptr02,Trey Thompkins,/players/t/thomptr02.html
thompdi01,Dijon Thompson,/players/t/thompdi01.html
thompho01,Hollis Thompson,/players/t/thompho01.html
thompja02,Jason Thompson,/players/t/thompja02.html
thompkl01,Klay Thompson,/players/t/thompkl01.html
thompmy02,Mychel Thompson,/players/t/thompmy02.html
thomptr01,Tristan Thompson,/players/t/thomptr01.html
thornal01,Al Thornton,/players/t/thornal01.html
thornma01,Marcus Thornton,/players/t/thornma01.html
thornsi01,Sindarius Thornwell,/players/t/thornsi01.html
thorpot01,Otis Thorpe,/players/t/thorpot01.html
tinslja01,Jamaal Tinsley,/players/t/tinslja01.html
tobeymi01,Mike Tobey,/players/t/tobeymi01.html
tollian01,Anthony Tolliver,/players/t/tollian01.html
torreos01,Oscar Torres,/players/t/torreos01.html
toupaax01,Axel Toupane,/players/t/toupaax01.html
townska01,Karl-Anthony Towns,/players/t/townska01.html
traylro01,Robert Traylor,/players/t/traylro01.html
trentga01,Gary Trent,/players/t/trentga01.html
trepaje01,Jeff Trepagnier,/players/t/trepaje01.html
trybace01,Cezary Trybanski,/players/t/trybace01.html
tsakaja01,Jake Tsakalidis,/players/t/tsakaja01.html
tskitni01,Nikoloz Tskitishvili,/players/t/tskitni01.html
tuckeal02,Alando Tucker,/players/t/tuckeal02.html
tuckepj01,P.J. Tucker,/players/t/tuckepj01.html
turiaro01,Ronny Turiaf,/players/t/turiaro01.html
turkohe01,Hedo Turkoglu,/players/t/turkohe01.html
turneev01,Evan Turner,/players/t/turneev01.html
turnemy01,Myles Turner,/players/t/turnemy01.html
tylerje01,Jeremy Tyler,/players/t/tylerje01.html
ubileed01,Edwin Ubiles,/players/u/ubileed01.html
udohek01,Ekpe Udoh,/players/u/udohek01.html
udokaim01,Ime Udoka,/players/u/udokaim01.html
udrihbe01,Beno Udrih,/players/u/udrihbe01.html
ukicro01,Roko Ukic,/players/u/ukicro01.html
ulisty01,Tyler Ulis,/players/u/ulisty01.html
uthofja01,Jarrod Uthoff,/players/u/uthofja01.html
uzohbe01,Ben Uzoh,/players/u/uzohbe01.html
valanjo01,Jonas Valanciunas,/players/v/valanjo01.html
valende01,Denzel Valentine,/players/v/valende01.html
vanexni01,Nick Van Exel,/players/v/vanexni01.html
vanhoke01,Keith Van Horn,/players/v/vanhoke01.html
vanteda01,David Vanterpool,/players/v/vanteda01.html
vanvlfr01,Fred VanVleet,/players/v/vanvlfr01.html
vardara01,Ratko Varda,/players/v/vardara01.html
varejan01,Anderson Varejao,/players/v/varejan01.html
varnaja01,Jarvis Varnado,/players/v/varnaja01.html
vasqugr01,Greivis Vasquez,/players/v/vasqugr01.html
vaughja01,Jacque Vaughn,/players/v/vaughja01.html
vaughra01,Rashad Vaughn,/players/v/vaughra01.html
vaughlo01,Loy Vaught,/players/v/vaughlo01.html
veselja01,Jan Vesely,/players/v/veselja01.html
villach01,Charlie Villanueva,/players/v/villach01.html
vincima01,Marcus Vinicius,/players/v/vincima01.html
vonleno01,Noah Vonleh,/players/v/vonleno01.html
voskuja01,Jake Voskuhl,/players/v/voskuja01.html
vranesl01,Slavko Vranes,/players/v/vranesl01.html
vromaja01,Jackson Vroman,/players/v/vromaja01.html
vucevni01,Nikola Vucevic,/players/v/vucevni01.html
vujacsa01,Sasha Vujacic,/players/v/vujacsa01.html
wadedw01,Dwyane Wade,/players/w/wadedw01.html
wafervo01,Von Wafer,/players/w/wafervo01.html
wagneda02,Dajuan Wagner,/players/w/wagneda02.html
waitedi01,Dion Waiters,/players/w/waitedi01.html
walkean02,Antoine Walker,/players/w/walkean02.html
walkebi01,Henry Walker,/players/w/walkebi01.html
walkeke02,Kemba Walker,/players/w/walkeke02.html
walkesa01,Samaki Walker,/players/w/walkesa01.html
walljo01,John Wall,/players/w/walljo01.html
wallabe01,Ben Wallace,/players/w/wallabe01.html
wallage01,Gerald Wallace,/players/w/wallage01.html
wallajo01,John Wallace,/players/w/wallajo01.html
wallara01,Rasheed Wallace,/players/w/wallara01.html
wallaty01,Tyrone Wallace,/players/w/wallaty01.html
princta02,Taurean Waller-Prince,/players/p/princta02.html
walshma01,Matt Walsh,/players/w/walshma01.html
waltode01,Derrick Walton,/players/w/waltode01.html
waltolu01,Luke Walton,/players/w/waltolu01.html
wardch01,Charlie Ward,/players/w/wardch01.html
wareca01,Casper Ware,/players/w/wareca01.html
warneja01,Jameel Warney,/players/w/warneja01.html
warretj01,T.J. Warren,/players/w/warretj01.html
warrewi01,Willie Warren,/players/w/warrewi01.html
warriha01,Hakim Warrick,/players/w/warriha01.html
washida01,Darius Washington,/players/w/washida01.html
watkida01,Darryl Watkins,/players/w/watkida01.html
watsocj01,C.J. Watson,/players/w/watsocj01.html
watsoea01,Earl Watson,/players/w/watsoea01.html
waynsma01,Maalik Wayns,/players/w/waynsma01.html
wearda01,David Wear,/players/w/wearda01.html
weartr01,Travis Wear,/players/w/weartr01.html
weathcl01,Clarence Weatherspoon,/players/w/weathcl01.html
weaveky01,Kyle Weaver,/players/w/weaveky01.html
webbja01,James Webb,/players/w/webbja01.html
webbech01,Chris Webber,/players/w/webbech01.html
weberbr01,Briante Weber,/players/w/weberbr01.html
webstma02,Martell Webster,/players/w/webstma02.html
weemsso01,Sonny Weems,/players/w/weemsso01.html
wellsbo01,Bonzi Wells,/players/w/wellsbo01.html
welscji01,Jiri Welsch,/players/w/welscji01.html
wesleda01,David Wesley,/players/w/wesleda01.html
westda01,David West,/players/w/westda01.html
westde01,Delonte West,/players/w/westde01.html
westdo01,Doug West,/players/w/westdo01.html
westma02,Mario West,/players/w/westma02.html
westbru01,Russell Westbrook,/players/w/westbru01.html
whalero01,Robert Whaley,/players/w/whalero01.html
whitean01,Andrew White,/players/w/whitean01.html
whitedj01,D.J. White,/players/w/whitedj01.html
whitede01,Derrick White,/players/w/whitede01.html
whiteja01,Jahidi White,/players/w/whiteja01.html
whiteja02,James White,/players/w/whiteja02.html
whiteok01,Okaro White,/players/w/whiteok01.html
whitero02,Rodney White,/players/w/whitero02.html
whitero03,Royce White,/players/w/whitero03.html
whiteis01,Isaiah Whitehead,/players/w/whiteis01.html
whiteha01,Hassan Whiteside,/players/w/whiteha01.html
whitnch01,Chris Whitney,/players/w/whitnch01.html
whittsh01,Shayne Whittington,/players/w/whittsh01.html
wiggian01,Andrew Wiggins,/players/w/wiggian01.html
wilcocj01,C.J. Wilcox,/players/w/wilcocj01.html
wilcoch01,Chris Wilcox,/players/w/wilcoch01.html
wileyja01,Jacob Wiley,/players/w/wileyja01.html
wilkida02,Damien Wilkins,/players/w/wilkida02.html
wilksmi01,Mike Wilks,/players/w/wilksmi01.html
williaa01,Aaron Williams,/players/w/williaa01.html
willial03,Alan Williams,/players/w/willial03.html
willial02,Alvin Williams,/players/w/willial02.html
willibr01,Brandon Williams,/players/w/willibr01.html
willicj01,C.J. Williams,/players/w/willicj01.html
willide01,Deron Williams,/players/w/willide01.html
willide02,Derrick Williams,/players/w/willide02.html
williel01,Elliot Williams,/players/w/williel01.html
willier01,Eric Williams,/players/w/willier01.html
willifr02,Frank Williams,/players/w/willifr02.html
willija02,Jason Williams,/players/w/willija02.html
willija04,Jawad Williams,/players/w/willija04.html
willija03,Jay Williams,/players/w/willija03.html
willije01,Jerome Williams,/players/w/willije01.html
willijo03,Jordan Williams,/players/w/willijo03.html
williju01,Justin Williams,/players/w/williju01.html
willilo02,Lou Williams,/players/w/willilo02.html
willima03,Marcus Williams,/players/w/willima03.html
willima04,Marcus Williams,/players/w/willima04.html
willima02,Marvin Williams,/players/w/willima02.html
willima05,Matt Williams,/players/w/willima05.html
willima01,Mo Williams,/players/w/willima01.html
willimo01,Monty Williams,/players/w/willimo01.html
willire02,Reggie Williams,/players/w/willire02.html
willisc01,Scott Williams,/players/w/willisc01.html
willise01,Sean Williams,/players/w/willise01.html
willish01,Shammond Williams,/players/w/willish01.html
willish03,Shawne Williams,/players/w/willish03.html
willish02,Shelden Williams,/players/w/willish02.html
willite01,Terrence Williams,/players/w/willite01.html
willitr02,Troy Williams,/players/w/willitr02.html
williwa02,Walt Williams,/players/w/williwa02.html
willico02,Corliss Williamson,/players/w/willico02.html
willike02,Kevin Willis,/players/w/willike02.html
wilsodj01,D.J. Wilson,/players/w/wilsodj01.html
wilsoja02,Jamil Wilson,/players/w/wilsoja02.html
wiltjky01,Kyle Wiltjer,/players/w/wiltjky01.html
wingada01,David Wingate,/players/w/wingada01.html
winslju01,Justise Winslow,/players/w/winslju01.html
witheje01,Jeff Withey,/players/w/witheje01.html
wolkoru01,Ruben Wolkowyski,/players/w/wolkoru01.html
woltena01,Nate Wolters,/players/w/woltena01.html
woodch01,Christian Wood,/players/w/woodch01.html
woodslo01,Loren Woods,/players/w/woodslo01.html
woodsqy01,Qyntel Woods,/players/w/woodsqy01.html
artesro01,Metta World Peace,/players/a/artesro01.html
wrighan01,Antoine Wright,/players/w/wrighan01.html
wrighbr02,Bracey Wright,/players/w/wrighbr02.html
wrighbr03,Brandan Wright,/players/w/wrighbr03.html
wrighch01,Chris Wright,/players/w/wrighch01.html
wrighch02,Chris Wright,/players/w/wrighch02.html
wrighde01,Delon Wright,/players/w/wrighde01.html
wrighdo01,Dorell Wright,/players/w/wrighdo01.html
wrighju01,Julian Wright,/players/w/wrighju01.html
wrighlo02,Lorenzen Wright,/players/w/wrighlo02.html
wroteto01,Tony Wroten,/players/w/wroteto01.html
yabusgu01,Guerschon Yabusele,/players/y/yabusgu01.html
yarbrvi01,Vincent Yarbrough,/players/y/yarbrvi01.html
youngja01,James Young,/players/y/youngja01.html
youngjo01,Joe Young,/players/y/youngjo01.html
youngni01,Nick Young,/players/y/youngni01.html
youngsa01,Sam Young,/players/y/youngsa01.html
youngth01,Thaddeus Young,/players/y/youngth01.html
yuesu01,Sun Yue,/players/y/yuesu01.html
zelleco01,Cody Zeller,/players/z/zelleco01.html
zellelu01,Luke Zeller,/players/z/zellelu01.html
zellety01,Tyler Zeller,/players/z/zellety01.html
zhizhwa01,Wang Zhizhi,/players/z/zhizhwa01.html
zimmede01,Derrick Zimmerman,/players/z/zimmede01.html
zimmest01,Stephen Zimmerman,/players/z/zimmest01.html
zipsepa01,Paul Zipser,/players/z/zipsepa01.html
zizican01,Ante Zizic,/players/z/zizican01.html
zubaciv01,Ivica Zubac,/players/z/zubaciv01.html
